Unnamed: 0,#stm_sap_meldnr,stm_mon_nr,stm_vl_post,stm_sap_meld_ddt,stm_sap_meldtekst_lang,stm_sap_meldtekst,stm_geo_mld,stm_geo_mld_uit_functiepl,stm_equipm_nr_mld,stm_equipm_soort_mld,stm_equipm_omschr_mld,stm_km_van_mld,stm_km_tot_mld,stm_prioriteit,stm_status_melding_sap,stm_aanngeb_ddt,stm_oh_pg_gst,stm_geo_gst,stm_geo_gst_uit_functiepl,stm_equipm_nr_gst,stm_equipm_soort_gst,stm_equipm_omschr_gst,stm_km_van_gst,stm_km_tot_gst,stm_oorz_groep,stm_oorz_code,stm_oorz_tkst,stm_fh_ddt,stm_fh_status,stm_sap_storeind_ddt,stm_tao_indicator,stm_tao_indicator_vorige,stm_tao_soort_mutatie,stm_tao_telling_mutatie,stm_tao_beinvloedbaar_indicator,stm_evb,stm_sap_melddatum,stm_sap_meldtijd,stm_contractgeb_mld,stm_functiepl_mld,stm_techn_mld,stm_contractgeb_gst,stm_functiepl_gst,stm_techn_gst,stm_aanngeb_dd,stm_aanngeb_tijd,stm_aanntpl_dd,stm_aanntpl_tijd,stm_arbeid,stm_progfh_in_datum,stm_progfh_in_tijd,stm_progfh_in_invoer_dat,stm_progfh_in_invoer_tijd,stm_progfh_in_duur,stm_progfh_gw_tijd,stm_progfh_gw_lwd_datum,stm_progfh_gw_lwd_tijd,stm_progfh_gw_duur,stm_progfh_gw_teller,stm_afspr_aanvangdd,stm_afspr_aanvangtijd,stm_fh_dd,stm_fh_tijd,stm_fh_duur,stm_reactie_duur,stm_sap_storeinddatum,stm_sap_storeindtijd,stm_oorz_tekst_kort,stm_pplg_van,stm_pplg_naar,stm_dstrglp_van,stm_dstrglp_naar
1,50053211,0.0,,02/01/2006 09:00:00, Logboeknr  Geeltje  :   49 Tijd: 0900   VL-Post: RTD GD Schouwwerkzaamheden wbi RZ408065 zxijn niet tijdig aangevangen ivm het ontbreken van de papieren bij de lwb. Deze heeft gebeld en de papieren zijn onderweg. Gevolgen nog niet te overzien.,Logboeknr  Geeltje  :   49 Tijd: 0900,624.0,624.0,,,,0.0,0.0,9.0,MAFS MAFD,02/01/2006 09:00:00,81S,624.0,624.0,,,,0.0,0.0,ONR-RIB,133.0, Papieren ontbreken,02/01/2006 09:00:00,4.0,02/01/2006 09:00:00,N,,,0,B,"0,00",02/01/2006,09:00:00,,624,,81.0,624,S,02/01/2006,09:00:00,,00:00:00,99999999.0,,00:00:00,,00:00:00,99999999.0,00:00:00,,,99999999.0,0.0,00/00/0000,00:00:00,02/01/2006,09:00:00,0.0,99999999.0,02/01/2006,09:00:00,,,,,
2,50053213,48.0,GN,02/01/2006 12:35:00, Logboeknr  RBV  :   48 Tijd: 1235   VL-Post: GN        Datum: 02012006 Lp     Apg schapen op de spoorbaan!,Logboeknr  RBV  :   48 Tijd: 1235   VL-P,201.0,201.0,,,,0.0,0.0,9.0,MAFS,02/01/2006 12:35:00,37B,201.0,201.0,,,,30200.0,0.0,ONR-DERD,143.0,,02/01/2006 13:26:00,4.0,02/01/2006 13:26:00,N,,,0,NB,"0,00",02/01/2006,12:35:00,,201,,37.0,201,B,02/01/2006,12:35:00,,00:00:00,99999999.0,,00:00:00,,00:00:00,99999999.0,00:00:00,,,99999999.0,0.0,00/00/0000,00:00:00,02/01/2006,13:26:00,51.0,99999999.0,02/01/2006,13:26:00,schapen op de spoorbaan!,,,Lp,Apg
3,50053214,72.0,ZL,02/01/2006 16:40:00, Logboeknr  RBV  :   72 Tijd: 1640   VL-Post: ZL        Datum: 02012006 Hgl Middels alarmoproep meldt mcn tr.1660 een vrouw in het spoor Aml-Hgl t .h.v. km 14.0. Gevolg afgeven aanwijzijng VR.,Logboeknr  RBV  :   72 Tijd: 1640   VL-P,25.0,25.0,,,,0.0,0.0,9.0,MAFS MAFD,02/01/2006 16:40:00,32B,25.0,25.0,,,,14000.0,0.0,ONR-DERD,142.0,,02/01/2006 17:20:00,4.0,02/01/2006 17:20:00,N,,,0,NB,"0,00",02/01/2006,16:40:00,,025,,32.0,025,B,02/01/2006,16:40:00,,00:00:00,99999999.0,,00:00:00,,00:00:00,99999999.0,00:00:00,,,99999999.0,0.0,00/00/0000,00:00:00,02/01/2006,17:20:00,40.0,99999999.0,02/01/2006,17:20:00,Persoon langs de baan,,,Hgl,
4,50053215,96.0,ZL,02/01/2006 22:30:00, Logboeknr  RBV  :   96 Tijd: 2230   VL-Post: ZL        Datum: 02012006 Hgv Hgv Bijna aanrijding met persoon (?),Logboeknr  RBV  :   96 Tijd: 2230   VL-P,12.0,12.0,,,,0.0,0.0,9.0,MAFS,02/01/2006 22:30:00,35B,12.0,12.0,,,,19819.0,0.0,ONR-DERD,142.0,,02/01/2006 22:36:00,4.0,02/01/2006 22:36:00,N,,,0,NB,"0,00",02/01/2006,22:30:00,,012,,35.0,012,B,02/01/2006,22:30:00,,00:00:00,99999999.0,,00:00:00,,00:00:00,99999999.0,00:00:00,,,99999999.0,0.0,00/00/0000,00:00:00,02/01/2006,22:36:00,6.0,99999999.0,02/01/2006,22:36:00, Bijna aanrijding met persoon,,,Hgv,
5,50053218,38.0,EHV,02/01/2006 11:23:00, Logboeknr  RBV  :   38 Tijd: 1123   VL-Post: EHV       Datum: 02012006 Ht tr 935 door sts 282 met aw. reden ongewenst bs lampje thv km 49.8 tr 9635 +8: tr 935 voorlangs kruisen en extra vtg door afgeven aw tr tr 935 door sts 282 met aw. reden ongewenst bs lampje thv km 49.8,Logboeknr  RBV  :   38 Tijd: 1123   VL-P,614.0,614.0,10621391.0,DETECTREIN,GRS SSL Ht,0.0,0.0,9.0,MAFS,02/01/2006 11:23:00,21S,614.0,614.0,10621391.0,DETECTREIN,GRS SSL Ht,0.0,0.0,TECHONV,218.0,,02/01/2006 11:30:00,4.0,,N,,,0,B,"0,60",02/01/2006,11:23:00,21.0,614-601-1000038436,S,21.0,614-601-1000038436,S,02/01/2006,11:23:00,,00:00:00,99999999.0,,00:00:00,,00:00:00,99999999.0,00:00:00,,,99999999.0,0.0,00/00/0000,00:00:00,02/01/2006,11:30:00,7.0,99999999.0,,00:00:00,Geen SMC-melding.Geen onderzoek geweest.,,,Ht,
6,50053219,99.0,EHV,02/01/2006 23:25:00, Logboeknr  RBV  :   99 Tijd: 2325   VL-Post: EHV       Datum: 02012006 Tb Tb : Bijna aanrijding met persoon,Logboeknr  RBV  :   99 Tijd: 2325   VL-P,551.0,551.0,,,,0.0,0.0,9.0,MAFS,02/01/2006 23:25:00,20B,551.0,551.0,,,,22135.0,0.0,ONR-DERD,142.0,,02/01/2006 23:38:00,4.0,03/01/2006 09:44:00,N,,,0,NB,"0,60",02/01/2006,23:25:00,,551-STORNG,,20.0,551-STORNG,B,02/01/2006,23:25:00,,00:00:00,99999999.0,,00:00:00,,00:00:00,99999999.0,00:00:00,,,99999999.0,0.0,00/00/0000,00:00:00,02/01/2006,23:38:00,13.0,99999999.0,03/01/2006,09:44:00,Geen SMC-melding.,,,Tb,
7,50053220,0.0,,02/01/2006 16:45:00, Logboeknr  Geeltje  :   79 Tijd: 1645   VL-Post: AMF PT     HD Afgifte aanwijzing VR. Loslopend paard langs de baan. Geen kilometrering opgekregen geringe vtg.,Logboeknr  Geeltje  :   79 Tijd: 1645,17.0,17.0,,,,0.0,0.0,9.0,MAFS,02/01/2006 16:45:00,29B,17.0,17.0,,,,44482.0,0.0,ONR-DERD,143.0,,02/01/2006 17:00:00,4.0,02/01/2006 17:00:00,N,,,0,NB,"0,00",02/01/2006,16:45:00,,017,,29.0,017,B,02/01/2006,16:45:00,,00:00:00,99999999.0,,00:00:00,,00:00:00,99999999.0,00:00:00,,,99999999.0,0.0,00/00/0000,00:00:00,02/01/2006,17:00:00,15.0,99999999.0,02/01/2006,17:00:00, Loslopend paard,,,,
8,50053222,0.0,,02/01/2006 14:18:00, Logboeknr  Geeltje  :   73 Tijd: 1418   VL-Post: AMF BRN    AMF De mcn meldde een bijna aanrijding met een vrachtauto op het overpad bij de Bokkeduinen. Nsr Kgg.,Logboeknr  Geeltje  :   73 Tijd: 1418,506.0,506.0,10680137.0,OVERWEG,Onbev.ovp 43.2 Amf Bokkeduinen dienstgeb,0.0,0.0,9.0,MAFS MAFD,02/01/2006 14:18:00,12B,506.0,506.0,10680137.0,OVERWEG,Onbev.ovp 43.2 Amf Bokkeduinen dienstgeb,43288.0,0.0,ONR-DERD,141.0,,02/01/2006 14:48:00,4.0,02/01/2006 14:48:00,N,,,0,NB,"6,40",02/01/2006,14:18:00,12.0,506-204-1000065609,B,12.0,506-204-1000065609,B,02/01/2006,14:18:00,,00:00:00,99999999.0,,00:00:00,,00:00:00,99999999.0,00:00:00,,,99999999.0,0.0,00/00/0000,00:00:00,02/01/2006,14:48:00,30.0,99999999.0,02/01/2006,14:48:00,Bijna aanrijding met een vrachtauto,,,,
9,50053223,0.0,,02/01/2006 12:00:00, Logboeknr  Geeltje  :   65 Tijd: 1200   VL-Post: AMR AMR De werkzaamheden genoemd in WBI RN 407989 zijn niet doorgegaan. Ook heeft niemand de moeite genomen om de trdl in te lichten.,Logboeknr  Geeltje  :   65 Tijd: 1200,73.0,73.0,,,,0.0,0.0,9.0,MAFS,02/01/2006 12:00:00,06B,73.0,73.0,,,,0.0,0.0,ONR-RIB,135.0,,02/01/2006 12:00:00,4.0,02/01/2006 12:00:00,N,,,0,B,"0,00",02/01/2006,12:00:00,,073,,6.0,073,B,02/01/2006,12:00:00,,00:00:00,99999999.0,,00:00:00,,00:00:00,99999999.0,00:00:00,,,99999999.0,0.0,00/00/0000,00:00:00,02/01/2006,12:00:00,0.0,99999999.0,02/01/2006,12:00:00,werkz in WBI407989 zijn niet doorgegaan,,,,
10,50053224,0.0,,02/01/2006 20:00:00, Logboeknr  Geeltje  :  103 Tijd: 2000   VL-Post: AMR HK Mcn meende iets geraakt te hebben. Nader onderzoek wees uit dat er niets aan de hand was.,Logboeknr  Geeltje  :  103 Tijd: 2000,76.0,76.0,,,,0.0,0.0,9.0,MAFS,02/01/2006 20:00:00,07B,76.0,76.0,,,,14373.0,0.0,ONR-DERD,151.0,,02/01/2006 20:00:00,4.0,02/01/2006 20:00:00,N,,,0,NB,"1,20",02/01/2006,20:00:00,,076,,7.0,076,B,02/01/2006,20:00:00,,00:00:00,99999999.0,,00:00:00,,00:00:00,99999999.0,00:00:00,,,99999999.0,0.0,00/00/0000,00:00:00,02/01/2006,20:00:00,0.0,99999999.0,02/01/2006,20:00:00,Mcn meende iets geraakt te hebben,,,,
11,50053225,0.0,,02/01/2006 10:45:00, Logboeknr  Geeltje  :   59 Tijd: 1045   VL-Post: AMR HLO    CAS De politie meldde dat er een vrouw langs het spoor liep tussen km 49.6 en km 49.9. Er is een alarmoproep uitgegaan en er is met aanwijzing VR gereden.,Logboeknr  Geeltje  :   59 Tijd: 1045,75.0,75.0,,,,0.0,0.0,9.0,MAFS,02/01/2006 10:45:00,07B,75.0,75.0,,,,49750.0,0.0,ONR-DERD,142.0,,02/01/2006 11:14:00,4.0,02/01/2006 11:14:00,N,,,0,NB,"0,00",02/01/2006,10:45:00,,075,,7.0,075,B,02/01/2006,10:45:00,,00:00:00,99999999.0,,00:00:00,,00:00:00,99999999.0,00:00:00,,,99999999.0,0.0,00/00/0000,00:00:00,02/01/2006,11:14:00,29.0,99999999.0,02/01/2006,11:14:00,Vertraging ivm vrouw langs het spoor,,,,
12,50053226,0.0,,03/01/2006 11:48:00, Logboeknr  Geeltje  :  127 Tijd: 1148   VL-Post: AMR BV Werkzaamheden onder WBI RN408471 zijn vervallen,Logboeknr  Geeltje  :  127 Tijd: 1148,76.0,76.0,,,,0.0,0.0,9.0,MAFS,03/01/2006 11:48:00,07B,76.0,76.0,,,,0.0,0.0,ONR-RIB,135.0,,03/01/2006 11:48:00,4.0,03/01/2006 11:48:00,N,,,0,B,"0,00",03/01/2006,11:48:00,,076,,7.0,076,B,03/01/2006,11:48:00,,00:00:00,99999999.0,,00:00:00,,00:00:00,99999999.0,00:00:00,,,99999999.0,0.0,00/00/0000,00:00:00,03/01/2006,11:48:00,0.0,99999999.0,03/01/2006,11:48:00,Werkzaamheden WBI408471 zijn vervallen,,,,
13,50053227,0.0,,03/01/2006 19:18:00," Logboeknr  Geeltje  :  123 Tijd: 1918   VL-Post: GVC DT     DTZ CMK meldt verdacht, mogelijk su#cidaal persoon tussen Dt en Dtz.. Afgeven aanw. VR.","CMK meldt verdacht, mogelijk su#cidaal p",112.0,112.0,,,,0.0,0.0,5.0,MAFS,03/01/2006 19:18:00,02B,112.0,112.0,,,,70500.0,0.0,ONR-DERD,142.0,,03/01/2006 19:42:00,1.0,03/01/2006 19:42:00,N,,,0,NB,"5,40",03/01/2006,19:18:00,,112,,2.0,112,B,03/01/2006,19:18:00,,00:00:00,99999999.0,,00:00:00,,00:00:00,99999999.0,00:00:00,,,99999999.0,0.0,00/00/0000,00:00:00,03/01/2006,19:42:00,24.0,99999999.0,03/01/2006,19:42:00,,,,,
14,50053229,0.0,,03/01/2006 13:33:00," Logboeknr  Geeltje  :  107 Tijd: 1333   VL-Post: RTD MSS    MSW Mcn tr 4249 meldt vrachtwagen dicht langs het spoor thv kmn 12,5 (owv). Tr 4138 aanw vr.",Mcn tr 4249 meldt vrachtwagen dicht lang,115.0,115.0,,,,0.0,0.0,5.0,MAFS,03/01/2006 13:33:00,03B,115.0,115.0,,,,12500.0,0.0,ONR-DERD,141.0,,03/01/2006 13:34:00,1.0,03/01/2006 13:34:00,N,,,0,NB,"0,30",03/01/2006,13:33:00,,115,,3.0,115,B,03/01/2006,13:33:00,,00:00:00,99999999.0,,00:00:00,,00:00:00,99999999.0,00:00:00,,,99999999.0,0.0,00/00/0000,00:00:00,03/01/2006,13:34:00,1.0,99999999.0,03/01/2006,13:34:00,,,,,
15,50053233,45.0,GN,03/01/2006 10:32:00," Logboeknr  RBV  :   45 Tijd: 1032   VL-Post: GN        Datum: 03012006 Lw Rijri.sto. lw-hlg, eenmalig. 30127 +/- 10'.",Logboeknr  RBV  :   45 Tijd: 1032   VL-P,1.0,1.0,,,,0.0,0.0,9.0,MAFS,03/01/2006 10:32:00,36S,1.0,1.0,,,,0.0,0.0,TECHONV,218.0,,03/01/2006 11:25:00,4.0,03/01/2006 11:25:00,N,,,0,B,"3,20",03/01/2006,10:32:00,,001,,36.0,001,S,03/01/2006,10:32:00,,00:00:00,99999999.0,,00:00:00,,00:00:00,99999999.0,00:00:00,,,99999999.0,0.0,00/00/0000,00:00:00,03/01/2006,11:25:00,53.0,99999999.0,03/01/2006,11:25:00,Rijri.sto. lw-hlg,,,Lw,
200,50053574,3.0,AH,08/01/2006 04:10:00, Logboeknr  RBV  :    3 Tijd: 0410   VL-Post: AH        Datum: 08012006 Ow     O Meldkamer meld vrouw in het spoor bij km 40.3. Het bljikt een depressi eve man te zijn en is door de politie meegenomen,Logboeknr  RBV  :    3 Tijd: 0410   VL-P,47.0,47.0,,,,0.0,0.0,9.0,MAFS,08/01/2006 04:10:00,21B,47.0,47.0,,,,40300.0,0.0,ONR-DERD,142.0,,08/01/2006 04:33:00,4.0,23/01/2006 15:06:00,N,,,0,NB,"0,00",08/01/2006,04:10:00,,047-STORNG,,21.0,047-STORNG,B,08/01/2006,04:10:00,,00:00:00,99999999.0,,00:00:00,,00:00:00,99999999.0,00:00:00,,,99999999.0,0.0,00/00/0000,00:00:00,08/01/2006,04:33:00,23.0,99999999.0,23/01/2006,15:06:00,Km 40.3 Geen SMC-melding.,,,Ow,O
201,50053576,27.0,AH,06/01/2006 09:15:00, Logboeknr  RBV  :   27 Tijd: 0915   VL-Post: AH        Datum: 06012006 Rs 2 HONDEN LANGS EN OP HET SPOOR = VANGERS,Logboeknr  RBV  :   27 Tijd: 0915   VL-P,47.0,47.0,,,,0.0,0.0,9.0,MAFS,06/01/2006 09:15:00,21B,47.0,47.0,,,,34900.0,0.0,ONR-DERD,143.0,,06/01/2006 10:08:00,4.0,23/01/2006 15:08:00,N,,,0,NB,"0,00",06/01/2006,09:15:00,,047-STORNG,,21.0,047-STORNG,B,06/01/2006,09:15:00,,00:00:00,99999999.0,,00:00:00,,00:00:00,99999999.0,00:00:00,,,99999999.0,0.0,00/00/0000,00:00:00,06/01/2006,10:08:00,53.0,99999999.0,23/01/2006,15:08:00,Geen SMC-melding.,,,Rs,
202,50053582,26.0,EHV,21/01/2006 14:00:00, Logboeknr  RBV  :   26 Tijd: 1400   VL-Post: EHV       Datum: 21012006 Ehv Reiziger (VL-Ehv) meldt aan mcn 5248 dat bij ovw 49.0  Tgra kinderen m Rijden met aanwijzing Voorzichtig Rijden. Na 2 nihil-meldingen rijden met aanwijzing gestaakt om 14:12 uur,Logboeknr  RBV  :   26 Tijd: 1400   VL-P,618.0,618.0,,,,0.0,0.0,9.0,MAFS,21/01/2006 14:00:00,24B,618.0,618.0,,,,49000.0,0.0,ONR-DERD,145.0,,21/01/2006 14:12:00,4.0,23/01/2006 10:46:00,N,,,0,NB,"2,40",21/01/2006,14:00:00,,618-STORNG,,24.0,618-STORNG,B,21/01/2006,14:00:00,,00:00:00,99999999.0,,00:00:00,,00:00:00,99999999.0,00:00:00,,,99999999.0,0.0,00/00/0000,00:00:00,21/01/2006,14:12:00,12.0,99999999.0,23/01/2006,10:46:00,Geen SMC-melding. Afwijzing.,,,Ehv,
203,50053583,39.0,EHV,01/01/2006 20:00:00, Logboeknr  RBV  :   39 Tijd: 2000   VL-Post: EHV       Datum: 01012006 Hmbh Reiziger 6572 meldt via KLPD dat in Hmbh op spoor 1 een brullenbak zou Personeel 9674 heeft gekeken in Hmbh maar niets kunnen ontdekken.,Logboeknr  RBV  :   39 Tijd: 2000   VL-P,55.0,55.0,,,,0.0,0.0,9.0,MAFS,01/01/2006 20:00:00,24B,55.0,55.0,,,,35520.0,0.0,ONR-DERD,146.0,,01/01/2006 20:10:00,4.0,23/01/2006 15:13:00,N,,,0,NB,"0,40",01/01/2006,20:00:00,,055-STORNG,,24.0,055-STORNG,B,01/01/2006,20:00:00,,00:00:00,99999999.0,,00:00:00,,00:00:00,99999999.0,00:00:00,,,99999999.0,0.0,00/00/0000,00:00:00,01/01/2006,20:10:00,10.0,99999999.0,23/01/2006,15:13:00,Geen SMC-melding.,,,Hmbh,
204,50053584,13.0,EHV,12/01/2006 07:10:00, Logboeknr  RBV  :   13 Tijd: 0710   VL-Post: EHV       Datum: 12012006 Hmh Aanrijding met persoon bij km 42.0. Gereden volgens versperringsmaatregel 22A 1917 + 153 richting venlo,Logboeknr  RBV  :   13 Tijd: 0710   VL-P,55.0,55.0,,,,0.0,0.0,9.0,MAFS MAFD,12/01/2006 07:10:00,24B,55.0,55.0,,,,42000.0,0.0,ONR-DERD,142.0,,12/01/2006 09:41:00,4.0,23/01/2006 15:16:00,N,,,0,NB,"14,40",12/01/2006,07:10:00,,055-STORNG,,24.0,055-STORNG,B,12/01/2006,07:10:00,,00:00:00,99999999.0,,00:00:00,,00:00:00,99999999.0,00:00:00,,,99999999.0,0.0,00/00/0000,00:00:00,12/01/2006,09:41:00,151.0,99999999.0,23/01/2006,15:16:00,Km 42.0 Geen SMC-melding.,,,Hmh,
205,50053586,61.0,EHV,07/01/2006 20:42:00, Logboeknr  RBV  :   61 Tijd: 2042   VL-Post: EHV       Datum: 07012006 Hmh verdacht persoon gereden met aanwijzing thv 37.7,Logboeknr  RBV  :   61 Tijd: 2042   VL-P,55.0,55.0,,,,0.0,0.0,9.0,MAFS,07/01/2006 20:42:00,24B,55.0,55.0,,,,37700.0,0.0,ONR-DERD,142.0,,07/01/2006 21:06:00,4.0,23/01/2006 15:20:00,N,,,0,NB,"0,40",07/01/2006,20:42:00,,055-STORNG,,24.0,055-STORNG,B,07/01/2006,20:42:00,,00:00:00,99999999.0,,00:00:00,,00:00:00,99999999.0,00:00:00,,,99999999.0,0.0,00/00/0000,00:00:00,07/01/2006,21:06:00,24.0,99999999.0,23/01/2006,15:20:00,Km 37.7 - Geen SMC-melding.,,,Hmh,
206,50053587,154.0,EHV,08/01/2006 11:04:00, Logboeknr  RBV  :  154 Tijd: 1104   VL-Post: EHV       Datum: 08012006 Hmh aanwijzing VR 44.0-46.0 op last  KLPD ; 3-tal pers. langs baan,Logboeknr  RBV  :  154 Tijd: 1104   VL-P,55.0,55.0,,,,0.0,0.0,9.0,MAFS,08/01/2006 11:04:00,24B,55.0,55.0,,,,45000.0,0.0,ONR-DERD,142.0,,08/01/2006 11:16:00,4.0,23/01/2006 15:26:00,N,,,0,NB,"0,00",08/01/2006,11:04:00,,055-STORNG,,24.0,055-STORNG,B,08/01/2006,11:04:00,,00:00:00,99999999.0,,00:00:00,,00:00:00,99999999.0,00:00:00,,,99999999.0,0.0,00/00/0000,00:00:00,08/01/2006,11:16:00,12.0,99999999.0,23/01/2006,15:26:00,Km 44-46 Geen SMC-melding.,,,Hmh,
207,50053588,32.0,EHV,20/01/2006 13:10:00, Logboeknr  RBV  :   32 Tijd: 1310   VL-Post: EHV       Datum: 20012006 Ot mensen langs de baan,Logboeknr  RBV  :   32 Tijd: 1310   VL-P,125.0,125.0,,,,0.0,0.0,9.0,MAFS,20/01/2006 13:10:00,23B,125.0,125.0,,,,30100.0,0.0,ONR-DERD,142.0,,20/01/2006 13:25:00,4.0,23/01/2006 11:45:00,N,,,0,NB,"0,00",20/01/2006,13:10:00,,125-STORNG,,23.0,125-STORNG,B,20/01/2006,13:10:00,,00:00:00,99999999.0,,00:00:00,,00:00:00,99999999.0,00:00:00,,,99999999.0,0.0,00/00/0000,00:00:00,20/01/2006,13:25:00,15.0,99999999.0,23/01/2006,11:45:00,Km 30.1 Geen SMC-melding.,,,Ot,
208,50053591,39.0,EHV,20/01/2006 14:32:00," Logboeknr  RBV  :   39 Tijd: 1432   VL-Post: EHV       Datum: 20012006 Vga 9647 stond voor wissel 309,deze was eenmalig gestoord,daardoor onstond  er een kleine opstopping,en kon 60273 niet op tijd vertrekken.",Logboeknr  RBV  :   39 Tijd: 1432   VL-P,515.0,515.0,10527838.0,WISSEL,TVTK 515 Vga wissel  309A,0.0,0.0,9.0,MAFS,20/01/2006 14:32:00,21B,515.0,515.0,10527838.0,WISSEL,TVTK 515 Vga wissel  309A,0.0,0.0,TECHONV,298.0,,20/01/2006 14:47:00,4.0,23/01/2006 11:39:00,N,,,0,B,"0,40",20/01/2006,14:32:00,21.0,515-302-1000076172,B,21.0,515-302-1000076172,B,20/01/2006,14:32:00,,00:00:00,99999999.0,,00:00:00,,00:00:00,99999999.0,00:00:00,,,99999999.0,0.0,00/00/0000,00:00:00,20/01/2006,14:47:00,15.0,99999999.0,23/01/2006,11:39:00,Geen SMC-melding.,,,Vga,
209,50053592,31.0,EHV,22/01/2006 09:50:00, Logboeknr  RBV  :   31 Tijd: 0950   VL-Post: EHV       Datum: 22012006 Vlb    Vry Op verzoek KLPD rijden met Aanwijzing VR van km 53.0 tot km 50.0 tusse,Logboeknr  RBV  :   31 Tijd: 0950   VL-P,52.0,52.0,,,,0.0,0.0,9.0,MAFS,22/01/2006 09:50:00,27B,52.0,52.0,,,,51500.0,0.0,ONR-DERD,142.0,,22/01/2006 10:36:00,4.0,23/01/2006 09:42:00,N,,,0,NB,"0,20",22/01/2006,09:50:00,,052-STORNG,,27.0,052-STORNG,B,22/01/2006,09:50:00,,00:00:00,99999999.0,,00:00:00,,00:00:00,99999999.0,00:00:00,,,99999999.0,0.0,00/00/0000,00:00:00,22/01/2006,10:36:00,46.0,99999999.0,23/01/2006,09:42:00,Km 50-53 Geen SMC-melding.,,,Vlb,Vry
210,50053603,34.0,MT,20/01/2006 12:55:00, Logboeknr  RBV  :   34 Tijd: 1255   VL-Post: MT        Datum: 20012006 Rv Mcn 6244 meldt bijna aanrijding tussen reuver en Tegelen. Moeten wacht en op politie. treinen tussen Tg en Rv worden opgeheven. Na vertrek 62 44 nog rijden met aanwijzing VR daar de politie nog zoekt naar spullen  van meisje dat bijna aanrijding veroorzaakte.,Logboeknr  RBV  :   34 Tijd: 1255   VL-P,60.0,60.0,,,,0.0,0.0,9.0,MAFS,20/01/2006 12:55:00,27B,60.0,60.0,,,,61772.0,0.0,ONR-DERD,142.0,,20/01/2006 13:25:00,4.0,23/01/2006 11:43:00,N,,,0,NB,"1,80",20/01/2006,12:55:00,,060-STORNG,,27.0,060-STORNG,B,20/01/2006,12:55:00,,00:00:00,99999999.0,,00:00:00,,00:00:00,99999999.0,00:00:00,,,99999999.0,0.0,00/00/0000,00:00:00,20/01/2006,13:25:00,30.0,99999999.0,23/01/2006,11:43:00,Geen SMC-melding.,,,Rv,
211,50053604,40.0,MT,21/01/2006 17:19:00, Logboeknr  RBV  :   40 Tijd: 1719   VL-Post: MT        Datum: 21012006 Srn dronken persoon te station susteren afgevoerd per ambulance,Logboeknr  RBV  :   40 Tijd: 1719   VL-P,62.0,62.0,,,,0.0,0.0,9.0,MAFS,21/01/2006 17:19:00,25B,62.0,62.0,,,,28400.0,0.0,ONR-DERD,142.0,,21/01/2006 18:28:00,4.0,23/01/2006 10:15:00,N,,,0,NB,"0,40",21/01/2006,17:19:00,,062-STORNG,,25.0,062-STORNG,B,21/01/2006,17:19:00,,00:00:00,99999999.0,,00:00:00,,00:00:00,99999999.0,00:00:00,,,99999999.0,0.0,00/00/0000,00:00:00,21/01/2006,18:28:00,69.0,99999999.0,23/01/2006,10:15:00,Km 28.4 - Geen SMC-melding.,,,Srn,
212,50053607,0.0,,23/01/2006 00:35:00, Logboeknr  Geeltje  : 1207 Tijd: 0035   VL-Post: AMR HN De werkzaamheden genoemd in WBI RN 410315 zijn niet doorgegaan. Ook heeft niemand de moeite genomen om de trdl hiervan op de hoogte te stellen.,Logboeknr  Geeltje  : 1207 Tijd: 0035,79.0,79.0,,,,0.0,0.0,9.0,MAFS,23/01/2006 00:35:00,06B,79.0,79.0,,,,0.0,0.0,ONR-RIB,135.0,,23/01/2006 00:35:00,4.0,24/01/2006 13:17:00,N,,,0,B,"0,00",23/01/2006,00:35:00,,079,,6.0,079,B,23/01/2006,00:35:00,,00:00:00,99999999.0,,00:00:00,,00:00:00,99999999.0,00:00:00,,,99999999.0,0.0,00/00/0000,00:00:00,23/01/2006,00:35:00,0.0,99999999.0,24/01/2006,13:17:00,werkzaamheden WBI 410315 niet doorgegaan,,,,
213,50053608,81.0,AH,18/01/2006 08:45:00, Logboeknr  RBV  :   81 Tijd: 0845   VL-Post: AH        Datum: 18012006 Go Go tobs: Ten onrechte spoorbeztting achter sn 264. Oorzaak een stuk ijzer op de las. Ten onrechte spoorbeztting achter sn 264. Oorzaak een stuk ijzer op de,Logboeknr  RBV  :   81 Tijd: 0845   VL-P,31.0,31.0,,,,0.0,0.0,9.0,MAFS,18/01/2006 08:45:00,32B,31.0,31.0,,,,29400.0,0.0,ONR-DERD,146.0,,18/01/2006 09:25:00,4.0,18/01/2006 09:25:00,N,,,0,NB,"0,10",18/01/2006,08:45:00,,031,,32.0,031,B,18/01/2006,08:45:00,,00:00:00,99999999.0,,00:00:00,,00:00:00,99999999.0,00:00:00,,,99999999.0,0.0,00/00/0000,00:00:00,18/01/2006,09:25:00,40.0,99999999.0,18/01/2006,09:25:00,stuk ijzer op de las,,,Go,
214,50053609,146.0,AH,23/01/2006 22:31:00," Logboeknr  RBV  :  146 Tijd: 2231   VL-Post: AH        Datum: 23012006 IJbz IJbz aanr: Melding mcn 3685, dat trein stilstaat op IJsselbrug Zp ivm aanrijding van iets. Na schouwen van treinpersoneel niets aangetroffen en treinverkeer weer hervat. Melding mcn 3685, dat trein stilstaat op IJsselbrug Zp ivm aanrijding",Logboeknr  RBV  :  146 Tijd: 2231   VL-P,609.0,609.0,,,,0.0,0.0,9.0,MAFS MAFD,23/01/2006 22:31:00,31B,609.0,609.0,,,,27072.0,0.0,ONR-DERD,146.0,,23/01/2006 22:44:00,4.0,23/01/2006 22:44:00,N,,,0,NB,"1,60",23/01/2006,22:31:00,,609,,31.0,609,B,23/01/2006,22:31:00,,00:00:00,99999999.0,,00:00:00,,00:00:00,99999999.0,00:00:00,,,99999999.0,0.0,00/00/0000,00:00:00,23/01/2006,22:44:00,13.0,99999999.0,23/01/2006,22:44:00,,,,IJbz,
215,50053610,67.0,AH,23/01/2006 11:18:00, Logboeknr  RBV  :   67 Tijd: 1118   VL-Post: AH        Datum: 23012006 Zp Zp personen: voor zichtrijden ivm persoon langs baan voor zichtrijden ivm persoon langs baan,Logboeknr  RBV  :   67 Tijd: 1118   VL-P,609.0,609.0,,,,0.0,0.0,9.0,MAFS,23/01/2006 11:18:00,31B,609.0,609.0,,,,27545.0,0.0,ONR-DERD,142.0,,23/01/2006 11:35:00,4.0,23/01/2006 11:35:00,N,,,0,NB,"0,40",23/01/2006,11:18:00,,609,,31.0,609,B,23/01/2006,11:18:00,,00:00:00,99999999.0,,00:00:00,,00:00:00,99999999.0,00:00:00,,,99999999.0,0.0,00/00/0000,00:00:00,23/01/2006,11:35:00,17.0,99999999.0,23/01/2006,11:35:00,persoon langs de baan,,,Zp,
640400,80767620,2548910.0,AMR,08/06/2014 22:16:00, 2+ Utg : [R] Tobs in wl 147A. S_Wbi 694750A.,2+ Utg : [R] Tobs in wl 147A. S_Wbi 6947,522.0,522.0,10265590.0,WISSEL,522 Utg wl 147A,57342.0,0.0,2.0,MAFS,08/06/2014 22:16:00,07B,522.0,522.0,10265590.0,WISSEL,522 Utg wl 147A,57342.0,0.0,ONR-RIB,135.0, Als de trein in sectie 168A T rijdt valt sectie 147A kortstondig af,08/06/2014 22:55:00,1.0,13/06/2014 15:00:00,J,,Nieuw,1,B,"0,00",08/06/2014,22:16:00,7.0,522-302-1000104212,B,7.0,522-302-1000104212,B,08/06/2014,22:16:00,08/06/2014,22:51:00,4.0,08/06/2014,22:55:00,08/06/2014,23:30:15,4.0,00:00:00,,,99999999.0,0.0,00/00/0000,00:00:00,08/06/2014,22:55:00,39.0,35.0,13/06/2014,15:00:00, Status gewijzigd van Concept naar Compl,,UTG,CAS,00/00/0000
640401,80767620,2548910.0,AMR,08/06/2014 22:16:00, 2+ Utg : [R] Tobs in wl 147A. S_Wbi 694750A.,2+ Utg : [R] Tobs in wl 147A. S_Wbi 6947,522.0,522.0,10265590.0,WISSEL,522 Utg wl 147A,57342.0,0.0,2.0,MAFS,08/06/2014 22:16:00,07B,522.0,522.0,10265590.0,WISSEL,522 Utg wl 147A,57342.0,0.0,ONR-RIB,135.0, Als de trein in sectie 168A T rijdt valt sectie 147A kortstondig af,08/06/2014 22:55:00,1.0,13/06/2014 15:00:00,J,J,Ongewijzigd,0,B,"0,00",08/06/2014,22:16:00,7.0,522-302-1000104212,B,7.0,522-302-1000104212,B,08/06/2014,22:16:00,08/06/2014,22:51:00,4.0,08/06/2014,22:55:00,08/06/2014,23:30:15,4.0,00:00:00,,,99999999.0,0.0,00/00/0000,00:00:00,08/06/2014,22:55:00,39.0,35.0,13/06/2014,15:00:00,,UTG,,UTG,CAS
640402,80767624,0.0,,09/06/2014 03:27:00, Wdn:storing stroomvoorziening tevens tobs,Wdn:storing stroomvoorziening tevens tob,605.0,605.0,,,,0.0,0.0,2.0,MINB,09/06/2014 03:28:00,32S,,,,,,0.0,0.0,WEER,181.0," Vermoedelijk onweer, keringen in vk kast van assentel installatie in rh 100 te wdn, ( rijrichting st wdn-nvd).",09/06/2014 04:15:00,1.0,,N,,,0,NB,"0,00",09/06/2014,03:27:00,,605,,32.0,,S,09/06/2014,03:28:00,09/06/2014,03:51:00,24.0,09/06/2014,04:15:00,09/06/2014,04:05:26,24.0,00:00:00,,,99999999.0,0.0,00/00/0000,00:00:00,09/06/2014,04:15:00,47.0,23.0,,00:00:00,,,,,00/00/0000
640403,80767624,0.0,,09/06/2014 03:27:00, Wdn:storing stroomvoorziening tevens tobs,Wdn:storing stroomvoorziening tevens tob,605.0,605.0,,,,0.0,0.0,2.0,MAFS,09/06/2014 03:28:00,32S,605.0,605.0,,,,0.0,0.0,WEER,181.0," Vermoedelijk onweer, keringen in vk kast van assentel installatie in rh 100 te wdn, ( rijrichting st wdn-nvd).",09/06/2014 04:15:00,1.0,,N,N,,0,NB,"0,00",09/06/2014,03:27:00,,605,,32.0,605,S,09/06/2014,03:28:00,09/06/2014,03:51:00,24.0,09/06/2014,04:15:00,09/06/2014,04:05:26,24.0,00:00:00,,,99999999.0,0.0,00/00/0000,00:00:00,09/06/2014,04:15:00,47.0,23.0,,00:00:00,,,,,00/00/0000
640404,80767624,0.0,,09/06/2014 03:27:00, Wdn:storing stroomvoorziening tevens tobs,Wdn:storing stroomvoorziening tevens tob,605.0,605.0,,,,0.0,0.0,2.0,MAFS,09/06/2014 03:28:00,32S,605.0,605.0,,,,0.0,0.0,WEER,181.0," Vermoedelijk onweer, keringen in vk kast van assentel installatie in rh 100 te wdn, ( rijrichting st wdn-nvd).",09/06/2014 04:15:00,1.0,,N,N,,0,NB,"0,00",09/06/2014,03:27:00,,605,,32.0,605,S,09/06/2014,03:28:00,09/06/2014,03:51:00,24.0,09/06/2014,04:15:00,09/06/2014,04:05:26,24.0,00:00:00,,,99999999.0,0.0,00/00/0000,00:00:00,09/06/2014,04:15:00,47.0,23.0,,00:00:00,,,,,
640405,80767625,0.0,,09/06/2014 00:39:00, Utzl : info + en hacousto gestoord,Utzl : info + en hacousto gestoord,531.0,531.0,10955133.0,OMROEPOP,Utzl Omroep OP,32985.0,0.0,5.0,MAFS,09/06/2014 00:39:00,14T,531.0,531.0,10955133.0,OMROEPOP,Utzl Omroep OP,32985.0,0.0,TECHONV,218.0, Railcom gemaild e systemen,10/06/2014 11:30:00,1.0,20/06/2014 14:45:00,N,,,0,B,"0,00",09/06/2014,00:39:00,13.0,531-802-1000132804,T,14.0,531-802-1000132804,T,09/06/2014,00:39:00,10/06/2014,10:00:00,90.0,10/06/2014,14:48:00,10/06/2014,14:49:43,288.0,00:00:00,,,99999999.0,0.0,10/06/2014,08:38:00,10/06/2014,11:30:00,2091.0,2001.0,20/06/2014,14:45:00,,,,,10/06/2014
640406,80767625,0.0,,09/06/2014 00:39:00, Utzl : info + en hacousto gestoord,Utzl : info + en hacousto gestoord,531.0,531.0,10955133.0,OMROEPOP,Utzl Omroep OP,32985.0,0.0,5.0,MAFS,09/06/2014 00:39:00,14T,531.0,531.0,10955133.0,OMROEPOP,Utzl Omroep OP,32985.0,0.0,TECHONV,218.0, Railcom gemaild e systemen,10/06/2014 11:30:00,1.0,20/06/2014 14:45:00,N,N,,0,B,"0,00",09/06/2014,00:39:00,13.0,531-802-1000132804,T,14.0,531-802-1000132804,T,09/06/2014,00:39:00,10/06/2014,10:00:00,90.0,10/06/2014,14:48:00,10/06/2014,14:49:43,288.0,00:00:00,,,99999999.0,0.0,10/06/2014,08:38:00,10/06/2014,11:30:00,2091.0,2001.0,20/06/2014,14:45:00,,,,,
640407,80767626,0.0,,09/06/2014 04:53:00, Dtmt : brandmelding dgb + gasblusinstall. actief,Dtmt : brandmelding dgb + gasblusinstall,161.0,161.0,,,,0.0,0.0,2.0,MINB,09/06/2014 04:53:00,11K,,,,,,0.0,0.0,TECHONV,218.0, Gestoord object: TUNNEL KW 400 DRONTERMEER GESL.. Gestoord onderdeel: overige onderdelen. Display geeft algemene storing gasbluscent rale aan. Gasbluscentrale en brandmeldcentrale in beide dienstgebouwen gereset. Alles weer normaal.,09/06/2014 07:25:00,4.0,09/06/2014 07:26:00,N,,,0,B,"0,00",09/06/2014,04:53:00,,161,,11.0,,K,09/06/2014,04:53:00,09/06/2014,06:15:00,70.0,09/06/2014,07:30:00,09/06/2014,07:30:15,75.0,00:00:00,,,99999999.0,0.0,00/00/0000,00:00:00,09/06/2014,07:25:00,152.0,82.0,09/06/2014,07:26:00,,,,,00/00/0000
640408,80767626,0.0,,09/06/2014 04:53:00, Dtmt : brandmelding dgb + gasblusinstall. actief,Dtmt : brandmelding dgb + gasblusinstall,161.0,161.0,,,,0.0,0.0,2.0,MINB,09/06/2014 04:53:00,11K,,,,,,0.0,0.0,TECHONV,218.0, Gestoord object: TUNNEL KW 400 DRONTERMEER GESL.. Gestoord onderdeel: overige onderdelen. Display geeft algemene storing gasbluscent rale aan. Gasbluscentrale en brandmeldcentrale in beide dienstgebouwen gereset. Alles weer normaal.,09/06/2014 07:25:00,4.0,09/06/2014 07:26:00,N,N,,0,B,"0,00",09/06/2014,04:53:00,,161,,11.0,,K,09/06/2014,04:53:00,09/06/2014,06:15:00,70.0,09/06/2014,07:30:00,09/06/2014,07:30:15,75.0,00:00:00,,,99999999.0,0.0,00/00/0000,00:00:00,09/06/2014,07:25:00,152.0,82.0,09/06/2014,07:26:00,,,,,
640409,80767627,0.0,,09/06/2014 00:50:00, Ddr : OS sns en bvl-schak.G kabelbeveiligng aangesproken.,Ddr : OS sns en bvl-schak.G kabelbeveili,542.0,542.0,10019410.0,KABEL1500V,OS Ddr kabel 1500V G,93564.0,0.0,5.0,MINB,09/06/2014 00:54:00,05E,,,,,,0.0,0.0,TECHONV,215.0," Gestoord object: SNELSCHAKELAAR OS-DDR-G. Gestoord onderdeel: Geen onderdeel van toepassing. DCP snelschakelaar H defect hierdoor sn elschakelaar G uitgevallen. Kabels gemeggerd DCP relais gestoord, monteur stuurt uitvoerde mail om storing. Dinsdag 11 juni ver op t e pakken samen met FA Imtech. 10-06 10:45u DCP G weer terug geplaatst. Snelschakelaar G weer bij gezet ism het smc. Alles weer norma al.",09/06/2014 02:10:00,2.0,10/06/2014 10:45:00,N,,,0,B,"0,00",09/06/2014,00:50:00,5.0,542-402-1000072608,E,5.0,,E,09/06/2014,00:54:00,09/06/2014,01:30:00,40.0,09/06/2014,03:00:00,09/06/2014,02:17:40,90.0,00:00:00,,,99999999.0,0.0,09/06/2014,01:00:00,09/06/2014,02:10:00,76.0,36.0,10/06/2014,10:45:00,,,,,09/06/2014
640410,80767627,0.0,,09/06/2014 00:50:00, Ddr : OS sns en bvl-schak.G kabelbeveiligng aangesproken.,Ddr : OS sns en bvl-schak.G kabelbeveili,542.0,542.0,10019410.0,KABEL1500V,OS Ddr kabel 1500V G,93564.0,0.0,5.0,MAFS,09/06/2014 00:54:00,05E,542.0,542.0,10019410.0,KABEL1500V,OS Ddr kabel 1500V G,93564.0,0.0,TECHONV,215.0," Gestoord object: SNELSCHAKELAAR OS-DDR-G. Gestoord onderdeel: Geen onderdeel van toepassing. DCP snelschakelaar H defect hierdoor sn elschakelaar G uitgevallen. Kabels gemeggerd DCP relais gestoord, monteur stuurt uitvoerde mail om storing. Dinsdag 11 juni ver op t e pakken samen met FA Imtech. 10-06 10:45u DCP G weer terug geplaatst. Snelschakelaar G weer bij gezet ism het smc. Alles weer norma al.",09/06/2014 02:10:00,2.0,10/06/2014 10:45:00,N,N,,0,B,"0,00",09/06/2014,00:50:00,5.0,542-402-1000072608,E,5.0,542-402-1000072608,E,09/06/2014,00:54:00,09/06/2014,01:30:00,40.0,09/06/2014,03:00:00,09/06/2014,02:17:40,90.0,00:00:00,,,99999999.0,0.0,09/06/2014,01:00:00,09/06/2014,02:10:00,76.0,36.0,10/06/2014,10:45:00,,,,,
640411,80767629,0.0,,08/06/2014 23:32:00, Asd :wpl 5-039 div. stations gestoord,Asd :wpl 5-039 div. stations gestoord,586.0,586.0,,,,0.0,0.0,5.0,MAFS,08/06/2014 23:32:00,53P,,,,,,0.0,0.0,TECHONV,221.0," RVO nummer nagervaagd , storing was opgelost door PCA.",09/06/2014 00:13:00,2.0,11/06/2014 23:27:00,N,,,0,B,"0,00",08/06/2014,23:32:00,,586,,53.0,,P,08/06/2014,23:32:00,08/06/2014,23:33:00,40.0,,00:00:00,,00:00:00,99999999.0,00:00:00,,,99999999.0,0.0,08/06/2014,23:32:00,09/06/2014,00:13:00,41.0,1.0,11/06/2014,23:27:00,,,,,09/06/2014
640412,80767629,0.0,,08/06/2014 23:32:00, Asd :wpl 5-039 div. stations gestoord,Asd :wpl 5-039 div. stations gestoord,586.0,586.0,,,,0.0,0.0,5.0,MAFS,08/06/2014 23:32:00,53P,,,,,,0.0,0.0,TECHONV,221.0," RVO nummer nagervaagd , storing was opgelost door PCA.",09/06/2014 00:13:00,2.0,11/06/2014 23:27:00,N,N,,0,B,"0,00",08/06/2014,23:32:00,,586,,53.0,,P,08/06/2014,23:32:00,08/06/2014,23:33:00,40.0,,00:00:00,,00:00:00,99999999.0,00:00:00,,,99999999.0,0.0,08/06/2014,23:32:00,09/06/2014,00:13:00,41.0,1.0,11/06/2014,23:27:00,,,,,
640413,80767630,0.0,,09/06/2014 03:24:00, Zvb : Stroomvoorz gestoord.,Zvb : Stroomvoorz gestoord.,120.0,120.0,10925574.0,LOC_VOED,Loc. voeding RH10/10A/20 Zvb stg stroomv,7723.0,0.0,5.0,MINB,09/06/2014 03:24:00,19E,,,,,,0.0,0.0,WEER,181.0," De B12N12 was aangesproken door bliksem, na resetten weer in orde.",09/06/2014 04:48:00,1.0,,N,,,0,NB,"0,00",09/06/2014,03:24:00,19.0,120-431-1000019287,E,19.0,,E,09/06/2014,03:24:00,09/06/2014,04:15:00,33.0,09/06/2014,04:50:00,09/06/2014,04:51:57,35.0,00:00:00,,,99999999.0,0.0,09/06/2014,00:00:00,09/06/2014,04:48:00,84.0,51.0,,00:00:00,,,,,09/06/2014
640414,80767630,0.0,,09/06/2014 03:24:00, Zvb : Stroomvoorz gestoord.,Zvb : Stroomvoorz gestoord.,120.0,120.0,10925574.0,LOC_VOED,Loc. voeding RH10/10A/20 Zvb stg stroomv,7723.0,0.0,5.0,MINB,09/06/2014 03:24:00,19E,120.0,120.0,10423331.0,LVNOODSTGR,RH10 Zvb accu/GR B12-N12,22759.0,0.0,WEER,181.0," De B12N12 was aangesproken door bliksem, na resetten weer in orde.",09/06/2014 04:48:00,1.0,07/07/2014 08:34:00,N,N,,0,NB,"0,00",09/06/2014,03:24:00,19.0,120-431-1000019287,E,19.0,120-431-1000019287,E,09/06/2014,03:24:00,09/06/2014,04:15:00,33.0,09/06/2014,04:50:00,09/06/2014,04:51:57,35.0,00:00:00,,,99999999.0,0.0,09/06/2014,00:00:00,09/06/2014,04:48:00,84.0,51.0,07/07/2014,08:34:00,,,,,09/06/2014
640415,80767630,0.0,,09/06/2014 03:24:00, Zvb : Stroomvoorz gestoord.,Zvb : Stroomvoorz gestoord.,120.0,120.0,10925574.0,LOC_VOED,Loc. voeding RH10/10A/20 Zvb stg stroomv,7723.0,0.0,5.0,MINB,09/06/2014 03:24:00,19E,120.0,120.0,10423331.0,LVNOODSTGR,RH10 Zvb accu/GR B12-N12,22759.0,0.0,WEER,181.0," De B12N12 was aangesproken door bliksem, na resetten weer in orde.",09/06/2014 04:48:00,1.0,07/07/2014 08:34:00,N,N,,0,NB,"0,00",09/06/2014,03:24:00,19.0,120-431-1000019287,E,19.0,120-431-1000019287,E,09/06/2014,03:24:00,09/06/2014,04:15:00,33.0,09/06/2014,04:50:00,09/06/2014,04:51:57,35.0,00:00:00,,,99999999.0,0.0,09/06/2014,00:00:00,09/06/2014,04:48:00,84.0,51.0,07/07/2014,08:34:00,,,,,
824200,80873377,0.0,,11/12/2016 13:52:06,Zvtl : Sprinklermeldcentrale west storing,Zvtl : Sprinklermeldcentrale west storin,158.0,158.0,10878795.0,SPOORTUN,158 Spoortunnel Zevenaar,104216.0,104216.0,5.0,MINB,11/12/2016 13:52:06,71K,158.0,158.0,10878795.0,SPOORTUN,158 Spoortunnel Zevenaar,104216.0,104216.0,,,,,,,N,,,0,B,"0,00",11/12/2016,13:52:06,71.0,158-202-1000131472,K,71.0,158-202-1000131472,K,11/12/2016,13:52:06,,00:00:00,0.0,,00:00:00,,00:00:00,0.0,00:00:00,,,99999999.0,0.0,11/12/2016,13:50:01,00000000,00:00:00,0.0,0.0,,00:00:00,,,,,
824201,80873377,0.0,,11/12/2016 13:52:06,Zvtl : Sprinklermeldcentrale west storing,Zvtl : Sprinklermeldcentrale west storin,158.0,158.0,10878795.0,SPOORTUN,158/611 Spoortunnel Zevenaar,104172.0,106495.0,5.0,MINB,11/12/2016 13:52:06,71K,158.0,158.0,10878795.0,SPOORTUN,158/611 Spoortunnel Zevenaar,104172.0,106495.0,,,,,,,N,N,,0,B,"0,00",11/12/2016,13:52:06,71.0,158-202-1000131472,K,71.0,158-202-1000131472,K,11/12/2016,13:52:06,,00:00:00,0.0,,00:00:00,,00:00:00,0.0,00:00:00,,,99999999.0,0.0,11/12/2016,13:50:01,00000000,00:00:00,0.0,0.0,,00:00:00,,,,,
824202,80873378,0.0,,11/12/2016 13:44:02,Apd : Sp-102/BB/AS t.h.v. wl-27B ATB-code  naar 0 Div. meldingen (dhr Adding is in de buurt nu),Apd : Sp-102/BB/AS t.h.v. wl-27B ATB-cod,608.0,608.0,10643374.0,TREINBEINV,ATB-EG Apd,0.0,0.0,5.0,MINB PAGE,11/12/2016 13:44:03,31S,608.0,608.0,10643374.0,TREINBEINV,ATB-EG Apd,0.0,0.0,,,,11/12/2016 14:55:01,1.0,,N,,,0,B,"0,00",11/12/2016,13:44:02,31.0,608-605-1000023999,S,31.0,608-605-1000023999,S,11/12/2016,13:44:03,11/12/2016,14:00:01,0.0,11/12/2016,16:00:00,20161211,14:36:42,120.0,00:00:00,,,99999999.0,0.0,11/12/2016,13:42:01,11/12/2016,14:55:01,71.0,16.0,,00:00:00,,,,,
824203,80873378,0.0,,11/12/2016 13:44:02,Apd : Sp-102/BB/AS wl-27B ATB-code 2. Div. meldingen (Dhr Adding is in de buurt nu),Apd : Sp-102/BB/AS wl-27B ATB-code 2. Di,608.0,608.0,10643374.0,TREINBEINV,ATB-EG Apd,0.0,0.0,5.0,MINB PAGE,11/12/2016 13:44:03,31S,608.0,608.0,10643374.0,TREINBEINV,ATB-EG Apd,0.0,0.0,TECHONV,221.0,,11/12/2016 14:55:01,1.0,11/12/2016 15:35:00,N,N,,0,B,"0,00",11/12/2016,13:44:02,31.0,608-605-1000023999,S,31.0,608-605-1000023999,S,11/12/2016,13:44:03,11/12/2016,14:00:01,0.0,11/12/2016,16:00:00,20161211,14:36:42,120.0,00:00:00,,,99999999.0,0.0,11/12/2016,13:42:01,11/12/2016,14:55:01,71.0,16.0,11/12/2016,15:35:00,,,,,
824204,80873378,0.0,,11/12/2016 13:44:02,Apd : Sp-102/BB/AS wl-27B ATB-code 2. Div. meldingen (Dhr Adding is in de buurt nu),Apd : Sp-102/BB/AS wl-27B ATB-code 2. Di,608.0,608.0,10643374.0,TREINBEINV,ATB-EG Apd,0.0,0.0,5.0,MINB PAGE,11/12/2016 13:44:03,31S,608.0,608.0,10643374.0,TREINBEINV,ATB-EG Apd,0.0,0.0,TECHONV,221.0,,11/12/2016 14:55:01,1.0,11/12/2016 15:35:00,N,N,,0,B,"0,00",11/12/2016,13:44:02,31.0,608-605-1000023999,S,31.0,608-605-1000023999,S,11/12/2016,13:44:03,11/12/2016,14:00:01,0.0,11/12/2016,16:00:00,20161211,14:36:42,120.0,00:00:00,,,99999999.0,0.0,11/12/2016,13:42:01,11/12/2016,14:55:01,71.0,16.0,11/12/2016,15:35:00,,,,,
824205,80873380,0.0,,11/12/2016 13:53:20,Pktl : E91 Sprinklermeldcentrale storing,Pktl : E91 Sprinklermeldcentrale storing,158.0,158.0,10878794.0,SPOORTUN,158 Spoortunnel Pannerdesch kanaal,98010.0,100578.0,5.0,MINB,11/12/2016 13:53:20,71K,158.0,158.0,10878794.0,SPOORTUN,158 Spoortunnel Pannerdesch kanaal,98010.0,100578.0,,,,,,,N,,,0,B,"0,00",11/12/2016,13:53:20,71.0,158-202-1000129911,K,71.0,158-202-1000129911,K,11/12/2016,13:53:20,,00:00:00,0.0,,00:00:00,,00:00:00,0.0,00:00:00,,,99999999.0,0.0,11/12/2016,13:53:01,00000000,00:00:00,0.0,0.0,,00:00:00,,,,,
824206,80873381,0.0,,11/12/2016 14:05:10,Mvt : Wl-113A/B RL n.i.c.,Mvt : Wl-113A/B RL n.i.c.,950.0,950.0,11014645.0,WISSEL,950 Mvt wl 113B km 41.897 wissel,41881.0,41908.0,5.0,MINB,11/12/2016 14:05:10,04B,950.0,950.0,11014645.0,WISSEL,950 Mvt wl 113B km 41.897 wissel,41881.0,41908.0,ONR-DERD,146.0,"kabel RH 10 gemeten, naar aansluitbak va kabel RH 10 gemeten, naar aansluitbak van wl 113A kabel is 4x 6mm, er zijn geen afwijkijngen geconstateerd kabel ok. Slibstroom gem eten van 5,2A 5,6A.de omloopstroom is 4A. Het wl blijft in de RL stand hangen(0,50cm). De glijstoelen waren licht vervuld met ijze rerts gruis,afstelling gecontroleerd.",11/12/2016 22:00:00,4.0,,N,,,0,NB,"0,00",11/12/2016,14:05:10,4.0,950-302-1000137538,B,4.0,950-302-1000137538,B,11/12/2016,14:05:10,11/12/2016,15:49:00,0.0,12/12/2016,17:00:00,20161211,22:01:16,1511.0,00:00:00,,,99999999.0,0.0,11/12/2016,14:03:00,11/12/2016,22:00:00,475.0,1060287349.0,,00:00:00,"kabel RH 10 gemeten, naar aansluitbak va",,,,
824207,80873381,0.0,,11/12/2016 14:05:10,Mvt : Wl-113A/B RL n.i.c.,Mvt : Wl-113A/B RL n.i.c.,950.0,950.0,11014645.0,WISSEL,950 Wl 113B GW 1:9,41881.0,41908.0,5.0,MINB,11/12/2016 14:05:10,04B,950.0,950.0,11014645.0,WISSEL,950 Wl 113B GW 1:9,41881.0,41908.0,ONR-DERD,146.0,"kabel RH 10 gemeten, naar aansluitbak va kabel RH 10 gemeten, naar aansluitbak van wl 113A kabel is 4x 6mm, er zijn geen afwijkijngen geconstateerd kabel ok. Slibstroom gem eten van 5,2A 5,6A.de omloopstroom is 4A. Het wl blijft in de RL stand hangen(0,50cm). De glijstoelen waren licht vervuld met ijze rerts gruis,afstelling gecontroleerd.",11/12/2016 22:00:00,4.0,,N,N,,0,NB,"0,00",11/12/2016,14:05:10,4.0,950-302-1000137538,B,4.0,950-302-1000137538,B,11/12/2016,14:05:10,11/12/2016,15:49:00,0.0,12/12/2016,17:00:00,20161211,22:01:16,1511.0,00:00:00,,,99999999.0,0.0,11/12/2016,14:03:00,11/12/2016,22:00:00,475.0,1060287349.0,,00:00:00,"kabel RH 10 gemeten, naar aansluitbak va",,,,
824208,80873383,0.0,,11/12/2016 17:17:50,Ps : WL-237 LL n.i.c.,Ps : WL-237 LL n.i.c.,950.0,950.0,,,,0.0,0.0,2.0,MINB,11/12/2016 17:17:50,04X,950.0,950.0,,,,0.0,0.0,TECHONV,221.0,"steenslag in de rechter binnen tong, ver steenslag in de rechter binnen tong, verwijderd. oorzaak werkzaamheden. Alles weer in orde. Steenslag verwijderd en getest.",11/12/2016 23:04:00,1.0,,N,,,0,B,"0,00",11/12/2016,17:17:50,,950,,4.0,950,X,11/12/2016,17:17:50,11/12/2016,22:50:00,0.0,11/12/2016,23:04:00,20161211,23:05:11,14.0,00:00:00,,,99999999.0,0.0,00/00/0000,00:00:00,11/12/2016,23:04:00,346.0,1060287770.0,,00:00:00,"steenslag in de rechter binnen tong, ver",,,,
824209,80873383,0.0,,11/12/2016 17:17:50,Ps : WL-237 LL n.i.c.,Ps : WL-237 LL n.i.c.,950.0,950.0,,,,0.0,0.0,2.0,MINB,11/12/2016 17:17:50,04X,950.0,950.0,,,,0.0,0.0,TECHONV,221.0,"steenslag in de rechter binnen tong, ver steenslag in de rechter binnen tong, verwijderd. oorzaak werkzaamheden. Alles weer in orde. Steenslag verwijderd en getest.",11/12/2016 23:04:00,1.0,,N,N,,0,B,"0,00",11/12/2016,17:17:50,,950,,4.0,950,X,11/12/2016,17:17:50,11/12/2016,22:50:00,0.0,11/12/2016,23:04:00,20161211,23:05:11,14.0,00:00:00,,,99999999.0,0.0,00/00/0000,00:00:00,11/12/2016,23:04:00,346.0,1060287770.0,,00:00:00,"steenslag in de rechter binnen tong, ver",,,,
824210,80873384,0.0,,11/12/2016 15:53:20,Bzl : Sp-2 omr gestoord.,Bzl : Sp-2 omr gestoord.,127.0,127.0,10122871.0,LUIDSPR,Bzl Luidspreker sp 2,44070.0,44070.0,4.0,MINB,11/12/2016 15:53:20,64T,127.0,127.0,10122871.0,LUIDSPR,Bzl Luidspreker sp 2,44070.0,44070.0,TECHONV,215.0,de helft van de speakers stond uit doord de helft van de speakers stond uit doordat er een kabel los zat (mogelijk door werkzaamheden),11/12/2016 18:40:15,1.0,11/12/2016 18:40:15,N,,,0,B,"0,00",11/12/2016,15:53:20,64.0,127-802-1000057709,T,64.0,127-802-1000057709,T,11/12/2016,15:53:20,11/12/2016,15:53:58,0.0,,00:00:00,,00:00:00,0.0,00:00:00,,,99999999.0,0.0,00/00/0000,00:00:00,11/12/2016,18:40:15,167.0,1060287354.0,11/12/2016,18:40:15,de helft van de speakers stond uit doord,,,,
824211,80873387,0.0,,11/12/2016 15:14:11,"Zl : Wlverw brandt t.o. aan oostzijde, ri Dv-Hno.","Zl : Wlverw brandt t.o. aan oostzijde, r",603.0,603.0,10178189.0,WVKAST,"ZL, GK, Zlge, 04, 3.35",3338.0,3338.0,5.0,MINB,11/12/2016 15:14:11,34B,603.0,603.0,10178189.0,WVKAST,"ZL, GK, Zlge, 04, 3.35",3338.0,3338.0,TECHONV,215.0,"Gestoord object: WISSELVERW. 4/ZL. Gesto Gestoord object: WISSELVERW. 4/ZL. Gestoord onderdeel: overige onderdelen. Spoorstaaf voeler is defect. Op afstand ingebeld en wslve rwarming uitgezet. Nawerk:  603 ZL, GK, Zlge, 04, 3.35 trdl",11/12/2016 15:46:00,1.0,11/12/2016 15:47:00,N,,,0,B,"0,00",11/12/2016,15:14:11,34.0,603-303-1000011232,B,34.0,603-303-1000011232,B,11/12/2016,15:14:11,11/12/2016,15:30:00,0.0,11/12/2016,15:47:00,20161211,15:51:39,17.0,00:00:00,,,99999999.0,0.0,11/12/2016,15:11:01,11/12/2016,15:46:00,32.0,1060287330.0,11/12/2016,15:47:00,Gestoord object: WISSELVERW. 4/ZL. Gesto,,,,
824212,80873387,0.0,,11/12/2016 15:14:11,"Zl : Wlverw brandt t.o. aan oostzijde, ri Dv-Hno.","Zl : Wlverw brandt t.o. aan oostzijde, r",603.0,603.0,10178189.0,WVKAST,"ZL, GK, Zlge, 04, 3.35",3338.0,3338.0,5.0,MINB,11/12/2016 15:14:11,34B,603.0,603.0,10178189.0,WVKAST,"ZL, GK, Zlge, 04, 3.35",3338.0,3338.0,TECHONV,215.0,"Gestoord object: WISSELVERW. 4/ZL. Gesto Gestoord object: WISSELVERW. 4/ZL. Gestoord onderdeel: overige onderdelen. Spoorstaaf voeler is defect. Op afstand ingebeld en wslve rwarming uitgezet. Nawerk:  603 ZL, GK, Zlge, 04, 3.35 trdl",11/12/2016 15:46:00,1.0,11/12/2016 15:47:00,N,N,,0,B,"0,00",11/12/2016,15:14:11,34.0,603-303-1000011232,B,34.0,603-303-1000011232,B,11/12/2016,15:14:11,11/12/2016,15:30:00,0.0,11/12/2016,15:47:00,20161211,15:51:39,17.0,00:00:00,,,99999999.0,0.0,11/12/2016,15:11:01,11/12/2016,15:46:00,32.0,1060287330.0,11/12/2016,15:47:00,Gestoord object: WISSELVERW. 4/ZL. Gesto,,,,
824213,80873388,4029661.0,ZL,11/12/2016 15:10:57,Hdb : Ovw 46.5 boom valt steeds iets naar beneden (li-zijde ri Zl),Hdb : Ovw 46.5 boom valt steeds iets naa,203.0,203.0,10211146.0,OVERWEG,Mini Ahob 46.5 MRB-GBG Kanaalweg,46509.0,46509.0,2.0,MINB,11/12/2016 15:10:57,34S,203.0,203.0,10211146.0,OVERWEG,Mini Ahob 46.5 MRB-GBG Kanaalweg,46509.0,46509.0,TECHONV,228.0,Gestoord object: OVERWEG 46.5. Gestoord Gestoord object: OVERWEG 46.5. Gestoord onderdeel: Overige ond. overweginstal.. Ader los van de magneetrem ahobsteller paal 1. 16:00 u Treinen rijden weer normaal.  16:50u Ader opnieuw gemonteerd.  mAhob 46.5 Kanaalweg Emn-Mrb 203 Mini Ahob 46.5 MRB-GBG Kanaalweg B v/d wal 0651394077,11/12/2016 16:00:00,1.0,11/12/2016 16:50:00,N,,,0,B,"0,00",11/12/2016,15:10:57,34.0,203-204-1000061613,B,34.0,203-204-1000061613,S,11/12/2016,15:10:57,11/12/2016,15:37:50,0.0,11/12/2016,17:00:00,20161211,16:54:45,82.0,00:00:00,,,99999999.0,0.0,00/00/0000,00:00:00,11/12/2016,16:00:00,49.0,1060287338.0,11/12/2016,16:50:00,Gestoord object: OVERWEG 46.5. Gestoord,HDB,,HDB,GBG
824214,80873388,4029661.0,ZL,11/12/2016 15:10:57,Hdb : Ovw 46.5 boom valt steeds iets naar beneden (li-zijde ri Zl),Hdb : Ovw 46.5 boom valt steeds iets naa,203.0,203.0,10211146.0,OVERWEG,Mini Ahob 46.5 MRB-GBG Kanaalweg,46509.0,46509.0,2.0,MINB,11/12/2016 15:10:57,34S,203.0,203.0,10211146.0,OVERWEG,Mini Ahob 46.5 MRB-GBG Kanaalweg,46509.0,46509.0,TECHONV,228.0,Gestoord object: OVERWEG 46.5. Gestoord Gestoord object: OVERWEG 46.5. Gestoord onderdeel: Overige ond. overweginstal.. Ader los van de magneetrem ahobsteller paal 1. 16:00 u Treinen rijden weer normaal.  16:50u Ader opnieuw gemonteerd.  mAhob 46.5 Kanaalweg Emn-Mrb 203 Mini Ahob 46.5 MRB-GBG Kanaalweg B v/d wal 0651394077,11/12/2016 16:00:00,1.0,11/12/2016 16:50:00,N,N,,0,B,"0,00",11/12/2016,15:10:57,34.0,203-204-1000061613,S,34.0,203-204-1000061613,S,11/12/2016,15:10:57,11/12/2016,15:37:50,0.0,11/12/2016,17:00:00,20161211,16:54:45,82.0,00:00:00,,,99999999.0,0.0,00/00/0000,00:00:00,11/12/2016,16:00:00,49.0,1060287338.0,11/12/2016,16:50:00,Gestoord object: OVERWEG 46.5. Gestoord,HDB,,HDB,GBG
824215,80873388,4029661.0,ZL,11/12/2016 15:10:57,Hdb : Ovw 46.5 boom valt steeds iets naar beneden (li-zijde ri Zl),Hdb : Ovw 46.5 boom valt steeds iets naa,203.0,203.0,10211146.0,OVERWEG,Mini Ahob 46.5 MRB-GBG Kanaalweg,46509.0,46509.0,2.0,MINB PAGE,01/04/2017 23:19:10,34S,203.0,203.0,10211146.0,OVERWEG,Mini Ahob 46.5 MRB-GBG Kanaalweg,46509.0,46509.0,TECHONV,228.0,Gestoord object: OVERWEG 46.5. Gestoord Gestoord object: OVERWEG 46.5. Gestoord onderdeel: Overige ond. overweginstal.. Ader los van de magneetrem ahobsteller paal 1. 16:00 u Treinen rijden weer normaal.  16:50u Ader opnieuw gemonteerd.  mAhob 46.5 Kanaalweg Emn-Mrb 203 Mini Ahob 46.5 MRB-GBG Kanaalweg B v/d wal 0651394077,11/12/2016 16:00:00,1.0,11/12/2016 16:50:00,N,N,,0,B,"0,00",11/12/2016,15:10:57,34.0,203-204-1000061613,S,34.0,203-204-1000061613,S,01/04/2017,23:19:10,11/12/2016,15:37:50,0.0,11/12/2016,17:00:00,20161211,16:54:45,82.0,00:00:00,,,99999999.0,0.0,00/00/0000,00:00:00,11/12/2016,16:00:00,49.0,0.0,11/12/2016,16:50:00,Gestoord object: OVERWEG 46.5. Gestoord,HDB,,HDB,GBG
908614,99003502,0.0,,11/05/2013 07:17:00, Cup : Wl-4439 2 in/uit de storing.,Cup : Wl-4439 2 in/uit de storing.,155.0,155.0,10761004.0,WISSEL,155 wl 4439 km 84.291 wissel,84270.0,0.0,4.0,MAFS,11/05/2013 07:17:00,71S,155.0,155.0,10761004.0,WISSEL,155 wl 4439 km 84.291 wissel,84270.0,0.0,TECHONV,298.0, Gestoord object: WISSEL 4439. Gestoord onderdeel: geen onderdeel van toepassing. Geen onderzoek geweest. Treindienstleider geeft aan geen last meer te hebben gehad. Onderzoek/herstel wordt meegenomen tijdens onderhoudsronde.,13/05/2013 02:29:00,4.0,13/05/2013 02:30:00,N,,,0,B,"0,00",11/05/2013,07:17:00,71.0,155-302-1000128525,B,71.0,155-302-1000128525,S,11/05/2013,07:17:00,13/05/2013,01:00:00,89.0,13/05/2013,02:30:00,13/05/2013,02:40:55,90.0,00:00:00,,,99999999.0,0.0,00/00/0000,00:00:00,13/05/2013,02:29:00,2592.0,2503.0,13/05/2013,02:30:00,,,,,
908615,99003502,0.0,,11/05/2013 07:17:00, Cup : Wl-4439 2 in/uit de storing.,Cup : Wl-4439 2 in/uit de storing.,155.0,155.0,10761004.0,WISSEL,155 wl 4439 km 84.291 wissel,84270.0,0.0,4.0,MAFS,11/05/2013 07:17:00,71S,155.0,155.0,10761004.0,WISSEL,155 wl 4439 km 84.291 wissel,84270.0,0.0,TECHONV,298.0, Gestoord object: WISSEL 4439. Gestoord onderdeel: geen onderdeel van toepassing. Geen onderzoek geweest. Treindienstleider geeft aan geen last meer te hebben gehad. Onderzoek/herstel wordt meegenomen tijdens onderhoudsronde.,13/05/2013 02:29:00,4.0,13/05/2013 02:30:00,N,N,,0,B,"0,00",11/05/2013,07:17:00,71.0,155-302-1000128525,B,71.0,155-302-1000128525,S,11/05/2013,07:17:00,13/05/2013,01:00:00,89.0,13/05/2013,02:30:00,13/05/2013,02:40:55,90.0,00:00:00,,,99999999.0,0.0,00/00/0000,00:00:00,13/05/2013,02:29:00,2592.0,2503.0,13/05/2013,02:30:00,,,,,00/00/0000
908616,99003502,0.0,,11/05/2013 07:17:00, Cup : Wl-4439 2 in/uit de storing.,Cup : Wl-4439 2 in/uit de storing.,155.0,155.0,10761004.0,WISSEL,155 wl 4439 km 84.291 wissel,84270.0,0.0,4.0,MAFS,11/05/2013 07:17:00,71S,155.0,155.0,10761004.0,WISSEL,155 wl 4439 km 84.291 wissel,84270.0,0.0,TECHONV,298.0, Gestoord object: WISSEL 4439. Gestoord onderdeel: geen onderdeel van toepassing. Geen onderzoek geweest. Treindienstleider geeft aan geen last meer te hebben gehad. Onderzoek/herstel wordt meegenomen tijdens onderhoudsronde.,13/05/2013 02:29:00,4.0,13/05/2013 02:30:00,N,N,,0,B,"0,00",11/05/2013,07:17:00,71.0,155-302-1000128525,B,71.0,155-302-1000128525,S,11/05/2013,07:17:00,13/05/2013,01:00:00,89.0,13/05/2013,02:30:00,13/05/2013,02:40:55,90.0,00:00:00,,,99999999.0,0.0,00/00/0000,00:00:00,13/05/2013,02:29:00,2592.0,2503.0,13/05/2013,02:30:00,,,,,00/00/0000
908617,99003502,0.0,,11/05/2013 07:17:00, Cup : Wl-4439 2 in/uit de storing.,Cup : Wl-4439 2 in/uit de storing.,155.0,155.0,10761004.0,WISSEL,155 wl 4439 km 84.291 wissel,84270.0,0.0,4.0,MAFS,11/05/2013 07:17:00,71S,155.0,155.0,10761004.0,WISSEL,155 wl 4439 km 84.291 wissel,84270.0,0.0,TECHONV,298.0, Gestoord object: WISSEL 4439. Gestoord onderdeel: geen onderdeel van toepassing. Geen onderzoek geweest. Treindienstleider geeft aan geen last meer te hebben gehad. Onderzoek/herstel wordt meegenomen tijdens onderhoudsronde.,13/05/2013 02:29:00,4.0,13/05/2013 02:30:00,N,N,,0,B,"0,00",11/05/2013,07:17:00,71.0,155-302-1000128525,B,71.0,155-302-1000128525,S,11/05/2013,07:17:00,13/05/2013,01:00:00,89.0,13/05/2013,02:30:00,13/05/2013,02:40:55,90.0,00:00:00,,,99999999.0,0.0,00/00/0000,00:00:00,13/05/2013,02:29:00,2592.0,2503.0,13/05/2013,02:30:00,,,,,00/00/0000
908618,99003502,0.0,,11/05/2013 07:17:00, Cup : Wl-4439 2 in/uit de storing.,Cup : Wl-4439 2 in/uit de storing.,155.0,155.0,10761004.0,WISSEL,155 wl 4439 km 84.291 wissel,84270.0,0.0,4.0,MAFS,11/05/2013 07:17:00,71S,155.0,155.0,10761004.0,WISSEL,155 wl 4439 km 84.291 wissel,84270.0,0.0,TECHONV,298.0, Gestoord object: WISSEL 4439. Gestoord onderdeel: geen onderdeel van toepassing. Geen onderzoek geweest. Treindienstleider geeft aan geen last meer te hebben gehad. Onderzoek/herstel wordt meegenomen tijdens onderhoudsronde.,13/05/2013 02:29:00,4.0,13/05/2013 02:30:00,N,N,,0,B,"0,00",11/05/2013,07:17:00,71.0,155-302-1000128525,B,71.0,155-302-1000128525,S,11/05/2013,07:17:00,13/05/2013,01:00:00,89.0,13/05/2013,02:30:00,13/05/2013,02:40:55,90.0,00:00:00,,,99999999.0,0.0,00/00/0000,00:00:00,13/05/2013,02:29:00,2592.0,2503.0,13/05/2013,02:30:00,,,,,00/00/0000
908619,99003502,0.0,,11/05/2013 07:17:00, Cup : Wl-4439 2 in/uit de storing.,Cup : Wl-4439 2 in/uit de storing.,155.0,155.0,10761004.0,WISSEL,155 wl 4439 km 84.291 wissel,84270.0,0.0,4.0,MAFS,11/05/2013 07:17:00,71S,155.0,155.0,10761004.0,WISSEL,155 wl 4439 km 84.291 wissel,84270.0,0.0,TECHONV,298.0, Gestoord object: WISSEL 4439. Gestoord onderdeel: geen onderdeel van toepassing. Geen onderzoek geweest. Treindienstleider geeft aan geen last meer te hebben gehad. Onderzoek/herstel wordt meegenomen tijdens onderhoudsronde.,13/05/2013 02:29:00,4.0,13/05/2013 02:30:00,N,N,,0,B,"0,00",11/05/2013,07:17:00,71.0,155-302-1000128525,B,71.0,155-302-1000128525,S,11/05/2013,07:17:00,13/05/2013,01:00:00,89.0,13/05/2013,02:30:00,13/05/2013,02:40:55,90.0,00:00:00,,,99999999.0,0.0,00/00/0000,00:00:00,13/05/2013,02:29:00,2592.0,2503.0,13/05/2013,02:30:00,,,,,00/00/0000
908620,99003503,0.0,,11/05/2013 07:55:00, Ldm-Akl : km-60.0 ATB code 4,Ldm-Akl : km-60.0 ATB code 4,118.0,118.0,10998110.0,TREINBEINV,ATB-vv,0.0,0.0,4.0,MAFS,11/05/2013 07:55:00,05S,118.0,118.0,10027260.0,DETGRSSSL,59BT Gdm-Ddr,0.0,0.0,TECHONV,221.0," Gestoord object: BEVEILIGING Ldm - Ddr. Gestoord onderdeel: geen onderdeel van toepassing. Geen oorzaak gevonden. Spoor geschouwd, g een bijzonderheden gevonden.",13/05/2013 03:29:00,4.0,13/05/2013 03:30:00,N,,,0,B,"0,00",11/05/2013,07:55:00,5.0,118-605-1000003263,S,5.0,118-601-1000150940,S,11/05/2013,07:55:00,13/05/2013,00:30:00,179.0,13/05/2013,03:30:00,13/05/2013,03:31:05,180.0,00:00:00,,,99999999.0,0.0,00/00/0000,00:00:00,13/05/2013,03:29:00,2614.0,2435.0,13/05/2013,03:30:00,,,,,
908621,99003503,0.0,,11/05/2013 07:55:00, Ldm-Akl : km-60.0 ATB code 4,Ldm-Akl : km-60.0 ATB code 4,118.0,118.0,10998110.0,TREINBEINV,ATB-vv,0.0,0.0,4.0,MAFS,11/05/2013 07:55:00,05S,118.0,118.0,10027260.0,DETGRSSSL,59BT Gdm-Ddr,0.0,0.0,TECHONV,221.0," Gestoord object: BEVEILIGING Ldm - Ddr. Gestoord onderdeel: geen onderdeel van toepassing. Geen oorzaak gevonden. Spoor geschouwd, g een bijzonderheden gevonden.",13/05/2013 03:29:00,4.0,13/05/2013 03:30:00,N,N,,0,B,"0,00",11/05/2013,07:55:00,5.0,118-605-1000003263,S,5.0,118-601-1000150940,S,11/05/2013,07:55:00,13/05/2013,00:30:00,179.0,13/05/2013,03:30:00,13/05/2013,03:31:05,180.0,00:00:00,,,99999999.0,0.0,00/00/0000,00:00:00,13/05/2013,03:29:00,2614.0,2435.0,13/05/2013,03:30:00,,,,,00/00/0000
908622,99003504,0.0,,11/05/2013 07:59:00, A15 : km 102.6 deur geluidsscherm open,A15 : km 102.6 deur geluidsscherm open,158.0,158.0,10939262.0,GELUIDSSCH,Geluidwering R van 102.255 tot 103.230,102255.0,0.0,5.0,MINB,11/05/2013 07:59:00,71B,158.0,158.0,10939262.0,GELUIDSSCH,Geluidwering R van 102.255 tot 103.230,102255.0,0.0,TECHONV,298.0," Gestoord object: AFSCHEIDING 158. Gestoord onderdeel: Geen onderdeel van toepassing. Geen onderzoek geweest. Storing door smc afgeme ld, deur is dichtgewaaid.",11/05/2013 08:24:00,4.0,11/05/2013 08:25:00,N,,,0,B,"0,00",11/05/2013,07:59:00,71.0,158-205-1000130792,B,71.0,158-205-1000130792,B,11/05/2013,07:59:00,11/05/2013,08:21:00,3.0,11/05/2013,08:25:00,11/05/2013,08:31:24,4.0,00:00:00,,,99999999.0,0.0,00/00/0000,00:00:00,11/05/2013,08:24:00,25.0,22.0,11/05/2013,08:25:00,,,,,
908623,99003504,0.0,,11/05/2013 07:59:00, A15 : km 102.6 deur geluidsscherm open,A15 : km 102.6 deur geluidsscherm open,158.0,158.0,10939262.0,GELUIDSSCH,Geluidwering R van 102.255 tot 103.230,102255.0,0.0,5.0,MINB,11/05/2013 07:59:00,71B,158.0,158.0,10939262.0,GELUIDSSCH,Geluidwering R van 102.255 tot 103.230,102255.0,0.0,TECHONV,298.0," Gestoord object: AFSCHEIDING 158. Gestoord onderdeel: Geen onderdeel van toepassing. Geen onderzoek geweest. Storing door smc afgeme ld, deur is dichtgewaaid.",11/05/2013 08:24:00,4.0,11/05/2013 08:25:00,N,N,,0,B,"0,00",11/05/2013,07:59:00,71.0,158-205-1000130792,B,71.0,158-205-1000130792,B,11/05/2013,07:59:00,11/05/2013,08:21:00,3.0,11/05/2013,08:25:00,11/05/2013,08:31:24,4.0,00:00:00,,,99999999.0,0.0,00/00/0000,00:00:00,11/05/2013,08:24:00,25.0,22.0,11/05/2013,08:25:00,,,,,11/05/2013
908624,99003505,0.0,,11/05/2013 08:06:00, GVC : sp-2 en 3  stop lampen op de stootjukken gedoofd,GVC : sp-2 en 3  stop lampen op de stoot,560.0,560.0,,,,24500.0,0.0,5.0,MAFS,11/05/2013 08:06:00,02B,,,,,,0.0,0.0,TECHONV,215.0, accu's waren leeg. Oorzaak: ouderdom Accu's vervangen,11/05/2013 09:29:00,1.0,11/05/2013 09:30:00,N,,,0,B,"0,00",11/05/2013,08:06:00,,560,,2.0,,B,11/05/2013,08:06:00,11/05/2013,09:05:00,24.0,11/05/2013,09:35:00,11/05/2013,09:26:18,30.0,00:00:00,,,99999999.0,0.0,00/00/0000,00:00:00,11/05/2013,09:29:00,83.0,59.0,11/05/2013,09:30:00,,,,,
908625,99003505,0.0,,11/05/2013 08:06:00, GVC : sp-2 en 3  stop lampen op de stootjukken gedoofd,GVC : sp-2 en 3  stop lampen op de stoot,560.0,560.0,,,,24500.0,0.0,5.0,MAFS,11/05/2013 08:06:00,02B,,,,,,0.0,0.0,TECHONV,215.0, accu's waren leeg. Oorzaak: ouderdom Accu's vervangen,11/05/2013 09:29:00,1.0,11/05/2013 09:30:00,N,N,,0,B,"0,00",11/05/2013,08:06:00,,560,,2.0,,B,11/05/2013,08:06:00,11/05/2013,09:05:00,24.0,11/05/2013,09:35:00,11/05/2013,09:26:18,30.0,00:00:00,,,99999999.0,0.0,00/00/0000,00:00:00,11/05/2013,09:29:00,83.0,59.0,11/05/2013,09:30:00,,,,,11/05/2013
908626,99003506,0.0,,11/05/2013 09:21:00, Whz : Ovw 100.1 albert Plesmanweg blijft  dicht  liggen.,Whz : Ovw 100.1 albert Plesmanweg blijft,468.0,468.0,10021085.0,OVERWEG,Havio 100.1 A Rtd Eemh. Albert Plesmanwe,100051.0,0.0,2.0,MAFS,11/05/2013 09:21:00,04S,468.0,468.0,10021085.0,OVERWEG,Havio 100.1 A Rtd Eemh. Albert Plesmanwe,100051.0,0.0,TECHONV,218.0, Gestoord object: OVERWEG 100.1. Gestoordonderdeel: geen onderdeel van toepassing. Geen oorzaak gevonden. Getest alles werkt normaal.,11/05/2013 10:44:00,4.0,11/05/2013 10:44:00,N,,,0,B,"0,00",11/05/2013,09:21:00,4.0,468-204-1000029432,S,4.0,468-204-1000029432,S,11/05/2013,09:21:00,11/05/2013,10:08:00,36.0,11/05/2013,11:00:00,11/05/2013,10:16:27,52.0,00:00:00,,,99999999.0,0.0,00/00/0000,00:00:00,11/05/2013,10:44:00,83.0,47.0,11/05/2013,10:44:00,,,,,
908627,99003506,0.0,,11/05/2013 09:21:00, Whz : Ovw 100.1 albert Plesmanweg blijft  dicht  liggen.,Whz : Ovw 100.1 albert Plesmanweg blijft,468.0,468.0,10021085.0,OVERWEG,Havio 100.1 A Rtd Eemh. Albert Plesmanwe,100051.0,0.0,2.0,MAFS,11/05/2013 09:21:00,04S,468.0,468.0,10021085.0,OVERWEG,Havio 100.1 A Rtd Eemh. Albert Plesmanwe,100051.0,0.0,TECHONV,218.0, Gestoord object: OVERWEG 100.1. Gestoordonderdeel: geen onderdeel van toepassing. Geen oorzaak gevonden. Getest alles werkt normaal.,11/05/2013 10:44:00,4.0,11/05/2013 10:44:00,N,N,,0,B,"0,00",11/05/2013,09:21:00,4.0,468-204-1000029432,S,4.0,468-204-1000029432,S,11/05/2013,09:21:00,11/05/2013,10:08:00,36.0,11/05/2013,11:00:00,11/05/2013,10:16:27,52.0,00:00:00,,,99999999.0,0.0,00/00/0000,00:00:00,11/05/2013,10:44:00,83.0,47.0,11/05/2013,10:44:00,,,,,00/00/0000
908628,99999999,0.0,,20/08/2016 14:15:17,Bdg-Apn : Km 12.7 twee gedode zwanen langs het spoor. Op verzoek van detrdl zsm verwijderen svp.,Bdg-Apn : Km 12.7 twee gedode zwanen lan,102.0,102.0,,,,0.0,0.0,2.0,MINB,20/08/2016 14:15:17,81B,102.0,102.0,,,,0.0,0.0,ONR-RIB,135.0,Gestoord object: SPOOR LA. Gestoord onde Gestoord object: SPOOR LA. Gestoord onderdeel: overige onderdelen. Verkeerde melding. Tijdens einde werkzaamheden zijn er 2 witte za kken met kraagbouten blijven liggen. Deze zijn aangezien als dode zwanen. Zakken verwijderd.,20/08/2016 15:14:00,1.0,20/08/2016 15:15:00,N,,,0,B,"0,00",20/08/2016,14:15:17,,102,,81.0,102,B,20/08/2016,14:15:17,20/08/2016,14:45:00,0.0,20/08/2016,16:00:00,20160820,15:16:29,75.0,00:00:00,,,99999999.0,0.0,00/00/0000,00:00:00,20/08/2016,15:14:00,19.0,1060124565.0,20/08/2016,15:15:00,Gestoord object: SPOOR LA. Gestoord onde,,,,
908629,99999999,0.0,,20/08/2016 14:15:17,Bdg-Apn : Km 12.7 twee gedode zwanen langs het spoor. Op verzoek van detrdl zsm verwijderen svp.,Bdg-Apn : Km 12.7 twee gedode zwanen lan,102.0,102.0,,,,0.0,0.0,2.0,MINB,20/08/2016 14:15:17,81O,102.0,102.0,,,,0.0,0.0,ONR-DERD,143.0,Gestoord object: SPOOR LA. Gestoord onde Gestoord object: SPOOR LA. Gestoord onderdeel: overige onderdelen. Verkeerde melding. Tijdens einde werkzaamheden zijn er 2 witte za kken met kraagbouten blijven liggen. Deze zijn aangezien als dode zwanen. Zakken verwijderd.,20/08/2016 15:14:00,1.0,20/08/2016 15:15:00,N,N,,0,NB,"0,00",20/08/2016,14:15:17,,102,,81.0,102,O,20/08/2016,14:15:17,20/08/2016,14:45:00,0.0,20/08/2016,16:00:00,20160820,15:16:29,75.0,00:00:00,,,99999999.0,0.0,00/00/0000,00:00:00,20/08/2016,15:14:00,19.0,1060124565.0,20/08/2016,15:15:00,Gestoord object: SPOOR LA. Gestoord onde,,,,
