,#stm_sap_meldnr,stm_mon_nr,stm_vl_post,stm_sap_meld_ddt,stm_sap_mon_meld_ddt,stm_sap_meldtekst_lang,stm_mon_begin_ddt,stm_sap_meldtekst,stm_mon_toelichting_trdl,stm_oh_pg_mld,stm_geo_mld,stm_geo_mld_uit_functiepl,stm_equipm_nr_mld,stm_equipm_soort_mld,stm_equipm_omschr_mld,stm_km_van_mld,stm_km_tot_mld,stm_prioriteit,stm_scenario_mon,stm_status_melding_sap,stm_mon_nr_status_omschr,stm_mon_nr__statuscode,stm_mon_nr_status_wijzdd,stm_aanngeb_ddt,stm_aanntpl_ddt,stm_oh_pg_gst,stm_geo_gst,stm_geo_gst_uit_functiepl,stm_equipm_nr_gst,stm_equipm_soort_gst,stm_equipm_omschr_gst,stm_objectdl_code_gst,stm_objectdl_groep_gst,stm_km_van_gst,stm_km_tot_gst,stm_progfh_in_ddt,stm_progfh_in_invoer_ddt,stm_progfh_gw_ddt,stm_progfh_gw_lwd_ddt,stm_progfh_hz,stm_oorz_groep,stm_oorz_code,stm_oorz_tkst,stm_veroorz_groep,stm_veroorz_code,stm_veroorz_tekst_kort,stm_effect,stm_afspr_aanvangddt,stm_fh_ddt,stm_fh_status,stm_sap_storeind_ddt,stm_mon_eind_ddt,stm_mon_vhdsincident,stm_tao_indicator,stm_tao_indicator_vorige,stm_tao_soort_mutatie,stm_tao_telling_mutatie,stm_tao_beinvloedbaar_indicator,stm_evb,stm_dir_betrok_tr,stm_aangelegd_dd,stm_aangelegd_tijd,stm_sap_melddatum,stm_sap_meldtijd,stm_mon_begindatum,stm_mon_begintijd,stm_contractgeb_mld,stm_functiepl_mld,stm_techn_mld,stm_contractgeb_gst,stm_functiepl_gst,stm_techn_gst,stm_aanngeb_dd,stm_aanngeb_tijd,stm_aanntpl_dd,stm_aanntpl_tijd,stm_arbeid,stm_progfh_in_datum,stm_progfh_in_tijd,stm_progfh_in_invoer_dat,stm_progfh_in_invoer_tijd,stm_progfh_in_duur,stm_progfh_gw_datum,stm_progfh_gw_tijd,stm_progfh_gw_lwd_datum,stm_progfh_gw_lwd_tijd,stm_progfh_gw_duur,stm_progfh_gw_teller,stm_afspr_aanvangdd,stm_afspr_aanvangtijd,stm_fh_dd,stm_fh_tijd,stm_fh_duur,stm_reactie_duur,stm_sap_storeinddatum,stm_sap_storeindtijd,stm_mon_eind_datum,stm_mon_eind_tijd,stm_controle_dd,stm_akkoord_mon_toewijz,stm_status_sapnaarmon,stm_fact_jn,stm_akkoord_melding_jn,stm_afsluit_ddt,stm_afsluit_dd,stm_afsluit_tijd,stm_rec_toegev_ddt,stm_hinderwaarde,stm_actie,stm_standplaats,stm_status_gebr,stm_wbi_nummer,stm_projnr,stm_oorz_tekst_kort,stm_historie_toelichting,stm_schade_verhaalb_jn,stm_schadenr,stm_schade_status_ga,stm_schade_statusdatum,stm_relatiervo_vorig,stm_relatiervo_volgend,stm_relatiervo,stm_pplg_van,stm_pplg_naar,stm_dstrglp_van,stm_dstrglp_naar,stm_afspr_func_hersteldd,stm_afspr_func_hersteltijd,stm_sorteerveld,stm_rapportage_maand,stm_rapportage_jaar,stm_x_bron_publ_dt,stm_x_bron_bestandsnaam,stm_x_bron_arch_dt,stm_x_actueel_ind,stm_x_run_id,stm_x_bk,stm_x_start_sessie_dt,stm_x_vervallen_ind
1,50053211,0.0,,02/01/2006 09:00:00,02/01/2006 09:00:00, Logboeknr  Geeltje  :   49 Tijd: 0900   VL-Post: RTD GD Schouwwerkzaamheden wbi RZ408065 zxijn niet tijdig aangevangen ivm het ontbreken van de papieren bij de lwb. Deze heeft gebeld en de papieren zijn onderweg. Gevolgen nog niet te overzien.,,Logboeknr  Geeltje  :   49 Tijd: 0900,,,624.0,624.0,,,,0.0,0.0,9.0,,MAFS MAFD,,,00/00/0000,02/01/2006 09:00:00,,81S,624.0,624.0,,,,,,0.0,0.0,,,,,Z,ONR-RIB,133.0, Papieren ontbreken,ONREGRIB,B, Volker,,,02/01/2006 09:00:00,4.0,02/01/2006 09:00:00,,,N,,,0,B,"0,00",,03/01/2006,04:48:18,02/01/2006,09:00:00,,,,624,,81.0,624,S,02/01/2006,09:00:00,,00:00:00,99999999.0,,00:00:00,,00:00:00,99999999.0,,00:00:00,,,99999999.0,0.0,00/00/0000,00:00:00,02/01/2006,09:00:00,0.0,99999999.0,02/01/2006,09:00:00,,,05/01/2006,J,,N,J,05/01/2009 15:10:09,05/01/2009,15:10:09,02/01/2006 04:48:18,0.0,,,IN0,0000000000,,,,,0.0,,0.0,,,50053211.0,,,,,00/00/0000,00:00:00,,1,2006,02/01/2006 09:00:00,\\PUHAPS0149\Informatica_Prod\Inbox\Informatica\SAP\20130613000000_flf_sapeam_storing_initial,31/12/9999 00:00:00,1,1518,12704590,13/06/2013 13:37:52,0
2,50053213,48.0,GN,02/01/2006 12:35:00,02/01/2006 12:35:00, Logboeknr  RBV  :   48 Tijd: 1235   VL-Post: GN        Datum: 02012006 Lp     Apg schapen op de spoorbaan!,02/01/2006 12:35:00,Logboeknr  RBV  :   48 Tijd: 1235   VL-P,,,201.0,201.0,,,,0.0,0.0,9.0,,MAFS,Aan AM toegewezen,0.0,03/01/2006,02/01/2006 12:35:00,,37B,201.0,201.0,,,,,,30200.0,0.0,,,,,Z,ONR-DERD,143.0,,ONREGDER,T,,,,02/01/2006 13:26:00,4.0,02/01/2006 13:26:00,,,N,,,0,NB,"0,00",,03/01/2006,05:50:40,02/01/2006,12:35:00,02/01/2006,12:35:00,,201,,37.0,201,B,02/01/2006,12:35:00,,00:00:00,99999999.0,,00:00:00,,00:00:00,99999999.0,,00:00:00,,,99999999.0,0.0,00/00/0000,00:00:00,02/01/2006,13:26:00,51.0,99999999.0,02/01/2006,13:26:00,,,10/01/2006,J,1.0,N,J,05/01/2009 15:10:11,05/01/2009,15:10:11,02/01/2006 05:50:40,0.85,,,IN0  H5,0000000000,,schapen op de spoorbaan!,,,0.0,,0.0,,,50053213.0,,,Lp,Apg,00/00/0000,00:00:00,,1,2006,02/01/2006 12:35:00,\\PUHAPS0149\Informatica_Prod\Inbox\Informatica\SAP\20130613000000_flf_sapeam_storing_initial,31/12/9999 00:00:00,1,1518,12704591,13/06/2013 13:37:52,0
3,50053214,72.0,ZL,02/01/2006 16:40:00,02/01/2006 16:40:00, Logboeknr  RBV  :   72 Tijd: 1640   VL-Post: ZL        Datum: 02012006 Hgl Middels alarmoproep meldt mcn tr.1660 een vrouw in het spoor Aml-Hgl t .h.v. km 14.0. Gevolg afgeven aanwijzijng VR.,02/01/2006 16:40:00,Logboeknr  RBV  :   72 Tijd: 1640   VL-P,,,25.0,25.0,,,,0.0,0.0,9.0,,MAFS MAFD,Aan AM toegewezen,0.0,03/01/2006,02/01/2006 16:40:00,,32B,25.0,25.0,,,,,,14000.0,0.0,,,,,Z,ONR-DERD,142.0,,ONREGDER,T,,,,02/01/2006 17:20:00,4.0,02/01/2006 17:20:00,,,N,,,0,NB,"0,00",,03/01/2006,05:50:41,02/01/2006,16:40:00,02/01/2006,16:40:00,,025,,32.0,025,B,02/01/2006,16:40:00,,00:00:00,99999999.0,,00:00:00,,00:00:00,99999999.0,,00:00:00,,,99999999.0,0.0,00/00/0000,00:00:00,02/01/2006,17:20:00,40.0,99999999.0,02/01/2006,17:20:00,,,11/01/2006,J,1.0,N,J,05/01/2009 15:10:13,05/01/2009,15:10:13,02/01/2006 05:50:41,0.67,,,IN0  H5,0000000000,,Persoon langs de baan,,,0.0,,0.0,,,50053214.0,,,Hgl,,00/00/0000,00:00:00,,1,2006,02/01/2006 16:40:00,\\PUHAPS0149\Informatica_Prod\Inbox\Informatica\SAP\20130613000000_flf_sapeam_storing_initial,31/12/9999 00:00:00,1,1518,12704592,13/06/2013 13:37:52,0
4,50053215,96.0,ZL,02/01/2006 22:30:00,02/01/2006 22:30:00, Logboeknr  RBV  :   96 Tijd: 2230   VL-Post: ZL        Datum: 02012006 Hgv Hgv Bijna aanrijding met persoon (?),02/01/2006 22:30:00,Logboeknr  RBV  :   96 Tijd: 2230   VL-P,,,12.0,12.0,,,,0.0,0.0,9.0,,MAFS,Aan AM toegewezen,0.0,03/01/2006,02/01/2006 22:30:00,,35B,12.0,12.0,,,,,,19819.0,0.0,,,,,Z,ONR-DERD,142.0,,ONREGDER,T,,,,02/01/2006 22:36:00,4.0,02/01/2006 22:36:00,,,N,,,0,NB,"0,00",,03/01/2006,05:50:41,02/01/2006,22:30:00,02/01/2006,22:30:00,,012,,35.0,012,B,02/01/2006,22:30:00,,00:00:00,99999999.0,,00:00:00,,00:00:00,99999999.0,,00:00:00,,,99999999.0,0.0,00/00/0000,00:00:00,02/01/2006,22:36:00,6.0,99999999.0,02/01/2006,22:36:00,,,09/01/2006,J,1.0,N,J,05/01/2009 15:10:15,05/01/2009,15:10:15,02/01/2006 05:50:41,0.1,,,IN0  H5,0000000000,, Bijna aanrijding met persoon,,,0.0,,0.0,,,50053215.0,,,Hgv,,00/00/0000,00:00:00,,1,2006,02/01/2006 22:30:00,\\PUHAPS0149\Informatica_Prod\Inbox\Informatica\SAP\20130613000000_flf_sapeam_storing_initial,31/12/9999 00:00:00,1,1518,12704593,13/06/2013 13:37:52,0
5,50053218,38.0,EHV,02/01/2006 11:23:00,02/01/2006 11:23:00, Logboeknr  RBV  :   38 Tijd: 1123   VL-Post: EHV       Datum: 02012006 Ht tr 935 door sts 282 met aw. reden ongewenst bs lampje thv km 49.8 tr 9635 +8: tr 935 voorlangs kruisen en extra vtg door afgeven aw tr tr 935 door sts 282 met aw. reden ongewenst bs lampje thv km 49.8,02/01/2006 11:23:00,Logboeknr  RBV  :   38 Tijd: 1123   VL-P,,21S,614.0,614.0,10621391.0,DETECTREIN,GRS SSL Ht,0.0,0.0,9.0,,MAFS,Aan AM toegewezen,0.0,03/01/2006,02/01/2006 11:23:00,,21S,614.0,614.0,10621391.0,DETECTREIN,GRS SSL Ht,,,0.0,0.0,,,,,Z,TECHONV,218.0,,,,,,,02/01/2006 11:30:00,4.0,,,,N,,,0,B,"0,60",,03/01/2006,05:51:45,02/01/2006,11:23:00,02/01/2006,11:23:00,21.0,614-601-1000038436,S,21.0,614-601-1000038436,S,02/01/2006,11:23:00,,00:00:00,99999999.0,,00:00:00,,00:00:00,99999999.0,,00:00:00,,,99999999.0,0.0,00/00/0000,00:00:00,02/01/2006,11:30:00,7.0,99999999.0,,00:00:00,,,30/01/2006,J,1.0,N,J,05/01/2009 15:10:17,05/01/2009,15:10:17,02/01/2006 05:51:45,0.0,,3.0,IN0,0000000000,,Geen SMC-melding.Geen onderzoek geweest.,,,0.0,,0.0,,,50053218.0,,,Ht,,00/00/0000,00:00:00,,1,2006,02/01/2006 11:23:00,\\PUHAPS0149\Informatica_Prod\Inbox\Informatica\SAP\20130613000000_flf_sapeam_storing_initial,31/12/9999 00:00:00,1,1518,12704594,13/06/2013 13:37:52,0
6,50053219,99.0,EHV,02/01/2006 23:25:00,02/01/2006 23:25:00, Logboeknr  RBV  :   99 Tijd: 2325   VL-Post: EHV       Datum: 02012006 Tb Tb : Bijna aanrijding met persoon,02/01/2006 23:25:00,Logboeknr  RBV  :   99 Tijd: 2325   VL-P,,,551.0,551.0,,,,0.0,0.0,9.0,,MAFS,Aan AM toegewezen,0.0,03/01/2006,02/01/2006 23:25:00,,20B,551.0,551.0,,,,,,22135.0,0.0,,,,,Z,ONR-DERD,142.0,,ONREGDER,T,,,,02/01/2006 23:38:00,4.0,03/01/2006 09:44:00,,,N,,,0,NB,"0,60",,03/01/2006,05:51:46,02/01/2006,23:25:00,02/01/2006,23:25:00,,551-STORNG,,20.0,551-STORNG,B,02/01/2006,23:25:00,,00:00:00,99999999.0,,00:00:00,,00:00:00,99999999.0,,00:00:00,,,99999999.0,0.0,00/00/0000,00:00:00,02/01/2006,23:38:00,13.0,99999999.0,03/01/2006,09:44:00,,,03/01/2006,J,1.0,N,J,05/01/2009 15:10:18,05/01/2009,15:10:18,02/01/2006 05:51:46,10.32,,,IN0,0000000000,,Geen SMC-melding.,,,0.0,,0.0,,,50053219.0,,,Tb,,00/00/0000,00:00:00,,1,2006,02/01/2006 23:25:00,\\PUHAPS0149\Informatica_Prod\Inbox\Informatica\SAP\20130613000000_flf_sapeam_storing_initial,31/12/9999 00:00:00,1,1518,12704595,13/06/2013 13:37:52,0
7,50053220,0.0,,02/01/2006 16:45:00,02/01/2006 16:45:00, Logboeknr  Geeltje  :   79 Tijd: 1645   VL-Post: AMF PT     HD Afgifte aanwijzing VR. Loslopend paard langs de baan. Geen kilometrering opgekregen geringe vtg.,,Logboeknr  Geeltje  :   79 Tijd: 1645,,,17.0,17.0,,,,0.0,0.0,9.0,,MAFS,,,00/00/0000,02/01/2006 16:45:00,,29B,17.0,17.0,,,,,,44482.0,0.0,,,,,,ONR-DERD,143.0,,ONREGDER,T,,,,02/01/2006 17:00:00,4.0,02/01/2006 17:00:00,,,N,,,0,NB,"0,00",,04/01/2006,04:45:15,02/01/2006,16:45:00,,,,017,,29.0,017,B,02/01/2006,16:45:00,,00:00:00,99999999.0,,00:00:00,,00:00:00,99999999.0,,00:00:00,,,99999999.0,0.0,00/00/0000,00:00:00,02/01/2006,17:00:00,15.0,99999999.0,02/01/2006,17:00:00,,,10/01/2006,J,,N,J,05/01/2009 15:10:20,05/01/2009,15:10:20,02/01/2006 04:45:15,0.25,,,IN0  H5,0000000000,, Loslopend paard,,,0.0,,0.0,,,50053220.0,,,,,00/00/0000,00:00:00,,1,2006,02/01/2006 16:45:00,\\PUHAPS0149\Informatica_Prod\Inbox\Informatica\SAP\20130613000000_flf_sapeam_storing_initial,31/12/9999 00:00:00,1,1518,12704596,13/06/2013 13:37:52,0
8,50053222,0.0,,02/01/2006 14:18:00,02/01/2006 14:18:00, Logboeknr  Geeltje  :   73 Tijd: 1418   VL-Post: AMF BRN    AMF De mcn meldde een bijna aanrijding met een vrachtauto op het overpad bij de Bokkeduinen. Nsr Kgg.,,Logboeknr  Geeltje  :   73 Tijd: 1418,,12B,506.0,506.0,10680137.0,OVERWEG,Onbev.ovp 43.2 Amf Bokkeduinen dienstgeb,0.0,0.0,9.0,,MAFS MAFD,,,00/00/0000,02/01/2006 14:18:00,,12B,506.0,506.0,10680137.0,OVERWEG,Onbev.ovp 43.2 Amf Bokkeduinen dienstgeb,,,43288.0,0.0,,,,,,ONR-DERD,141.0,,ONREGDER,N, opdracht van Nedtrain treinen op het emplacement Amersfoort,,,02/01/2006 14:48:00,4.0,02/01/2006 14:48:00,,,N,,,0,NB,"6,40",,04/01/2006,04:45:38,02/01/2006,14:18:00,,,12.0,506-204-1000065609,B,12.0,506-204-1000065609,B,02/01/2006,14:18:00,,00:00:00,99999999.0,,00:00:00,,00:00:00,99999999.0,,00:00:00,,,99999999.0,0.0,00/00/0000,00:00:00,02/01/2006,14:48:00,30.0,99999999.0,02/01/2006,14:48:00,,,13/02/2006,J,,N,J,05/01/2009 15:10:22,05/01/2009,15:10:22,02/01/2006 04:45:38,0.5,,4.0,IN0  H5,0000000000,,Bijna aanrijding met een vrachtauto,,,0.0,,0.0,,,50053222.0,,,,,00/00/0000,00:00:00,,1,2006,02/01/2006 14:18:00,\\PUHAPS0149\Informatica_Prod\Inbox\Informatica\SAP\20130613000000_flf_sapeam_storing_initial,31/12/9999 00:00:00,1,1518,12704597,13/06/2013 13:37:52,0
9,50053223,0.0,,02/01/2006 12:00:00,02/01/2006 12:00:00, Logboeknr  Geeltje  :   65 Tijd: 1200   VL-Post: AMR AMR De werkzaamheden genoemd in WBI RN 407989 zijn niet doorgegaan. Ook heeft niemand de moeite genomen om de trdl in te lichten.,,Logboeknr  Geeltje  :   65 Tijd: 1200,,,73.0,73.0,,,,0.0,0.0,9.0,,MAFS,,,00/00/0000,02/01/2006 12:00:00,,06B,73.0,73.0,,,,,,0.0,0.0,,,,,Z,ONR-RIB,135.0,,ONREGRIB,B,,,,02/01/2006 12:00:00,4.0,02/01/2006 12:00:00,,,N,,,0,B,"0,00",,04/01/2006,04:45:39,02/01/2006,12:00:00,,,,073,,6.0,073,B,02/01/2006,12:00:00,,00:00:00,99999999.0,,00:00:00,,00:00:00,99999999.0,,00:00:00,,,99999999.0,0.0,00/00/0000,00:00:00,02/01/2006,12:00:00,0.0,99999999.0,02/01/2006,12:00:00,,,08/02/2006,J,,N,J,05/01/2009 15:10:23,05/01/2009,15:10:23,02/01/2006 04:45:39,0.0,,,IN0  H5,0000000000,,werkz in WBI407989 zijn niet doorgegaan,,,0.0,,0.0,,,50053223.0,,,,,00/00/0000,00:00:00,,1,2006,02/01/2006 12:00:00,\\PUHAPS0149\Informatica_Prod\Inbox\Informatica\SAP\20130613000000_flf_sapeam_storing_initial,31/12/9999 00:00:00,1,1518,12704598,13/06/2013 13:37:52,0
10,50053224,0.0,,02/01/2006 20:00:00,02/01/2006 20:00:00, Logboeknr  Geeltje  :  103 Tijd: 2000   VL-Post: AMR HK Mcn meende iets geraakt te hebben. Nader onderzoek wees uit dat er niets aan de hand was.,,Logboeknr  Geeltje  :  103 Tijd: 2000,,,76.0,76.0,,,,0.0,0.0,9.0,,MAFS,,,00/00/0000,02/01/2006 20:00:00,,07B,76.0,76.0,,,,,,14373.0,0.0,,,,,,ONR-DERD,151.0,,ONREGDER,T,,,,02/01/2006 20:00:00,4.0,02/01/2006 20:00:00,,,N,,,0,NB,"1,20",,04/01/2006,04:45:39,02/01/2006,20:00:00,,,,076,,7.0,076,B,02/01/2006,20:00:00,,00:00:00,99999999.0,,00:00:00,,00:00:00,99999999.0,,00:00:00,,,99999999.0,0.0,00/00/0000,00:00:00,02/01/2006,20:00:00,0.0,99999999.0,02/01/2006,20:00:00,,,08/02/2006,J,,N,J,05/01/2009 15:10:24,05/01/2009,15:10:24,02/01/2006 04:45:39,0.0,,,IN0  H5,0000000000,,Mcn meende iets geraakt te hebben,,,0.0,,0.0,,,50053224.0,,,,,00/00/0000,00:00:00,,1,2006,02/01/2006 20:00:00,\\PUHAPS0149\Informatica_Prod\Inbox\Informatica\SAP\20130613000000_flf_sapeam_storing_initial,31/12/9999 00:00:00,1,1518,12704599,13/06/2013 13:37:52,0
11,50053225,0.0,,02/01/2006 10:45:00,02/01/2006 10:45:00, Logboeknr  Geeltje  :   59 Tijd: 1045   VL-Post: AMR HLO    CAS De politie meldde dat er een vrouw langs het spoor liep tussen km 49.6 en km 49.9. Er is een alarmoproep uitgegaan en er is met aanwijzing VR gereden.,,Logboeknr  Geeltje  :   59 Tijd: 1045,,,75.0,75.0,,,,0.0,0.0,9.0,,MAFS,,,00/00/0000,02/01/2006 10:45:00,,07B,75.0,75.0,,,,,,49750.0,0.0,,,,,,ONR-DERD,142.0,,ONREGDER,T,,,,02/01/2006 11:14:00,4.0,02/01/2006 11:14:00,,,N,,,0,NB,"0,00",,04/01/2006,04:45:39,02/01/2006,10:45:00,,,,075,,7.0,075,B,02/01/2006,10:45:00,,00:00:00,99999999.0,,00:00:00,,00:00:00,99999999.0,,00:00:00,,,99999999.0,0.0,00/00/0000,00:00:00,02/01/2006,11:14:00,29.0,99999999.0,02/01/2006,11:14:00,,,08/02/2006,J,,N,J,05/01/2009 15:10:26,05/01/2009,15:10:26,02/01/2006 04:45:39,0.48,,,IN0  H5,0000000000,,Vertraging ivm vrouw langs het spoor,,,0.0,,0.0,,,50053225.0,,,,,00/00/0000,00:00:00,,1,2006,02/01/2006 10:45:00,\\PUHAPS0149\Informatica_Prod\Inbox\Informatica\SAP\20130613000000_flf_sapeam_storing_initial,31/12/9999 00:00:00,1,1518,12704600,13/06/2013 13:37:52,0
12,50053226,0.0,,03/01/2006 11:48:00,03/01/2006 11:48:00, Logboeknr  Geeltje  :  127 Tijd: 1148   VL-Post: AMR BV Werkzaamheden onder WBI RN408471 zijn vervallen,,Logboeknr  Geeltje  :  127 Tijd: 1148,,,76.0,76.0,,,,0.0,0.0,9.0,,MAFS,,,00/00/0000,03/01/2006 11:48:00,,07B,76.0,76.0,,,,,,0.0,0.0,,,,,Z,ONR-RIB,135.0,,ONREGRIB,B,,,,03/01/2006 11:48:00,4.0,03/01/2006 11:48:00,,,N,,,0,B,"0,00",,04/01/2006,04:45:40,03/01/2006,11:48:00,,,,076,,7.0,076,B,03/01/2006,11:48:00,,00:00:00,99999999.0,,00:00:00,,00:00:00,99999999.0,,00:00:00,,,99999999.0,0.0,00/00/0000,00:00:00,03/01/2006,11:48:00,0.0,99999999.0,03/01/2006,11:48:00,,,08/02/2006,J,,N,J,05/01/2009 15:10:27,05/01/2009,15:10:27,03/01/2006 04:45:40,0.0,,,IN0  H5,0000000000,,Werkzaamheden WBI408471 zijn vervallen,,,0.0,,0.0,,,50053226.0,,,,,00/00/0000,00:00:00,,1,2006,03/01/2006 11:48:00,\\PUHAPS0149\Informatica_Prod\Inbox\Informatica\SAP\20130613000000_flf_sapeam_storing_initial,31/12/9999 00:00:00,1,1518,12704601,13/06/2013 13:37:52,0
13,50053227,0.0,,03/01/2006 19:18:00,03/01/2006 19:18:00," Logboeknr  Geeltje  :  123 Tijd: 1918   VL-Post: GVC DT     DTZ CMK meldt verdacht, mogelijk su#cidaal persoon tussen Dt en Dtz.. Afgeven aanw. VR.",,"CMK meldt verdacht, mogelijk su#cidaal p",,,112.0,112.0,,,,0.0,0.0,5.0,,MAFS,,,00/00/0000,03/01/2006 19:18:00,,02B,112.0,112.0,,,,,,70500.0,0.0,,,,,,ONR-DERD,142.0,,ONREGDER,T,,,,03/01/2006 19:42:00,1.0,03/01/2006 19:42:00,,,N,,,0,NB,"5,40",,04/01/2006,04:48:10,03/01/2006,19:18:00,,,,112,,2.0,112,B,03/01/2006,19:18:00,,00:00:00,99999999.0,,00:00:00,,00:00:00,99999999.0,,00:00:00,,,99999999.0,0.0,00/00/0000,00:00:00,03/01/2006,19:42:00,24.0,99999999.0,03/01/2006,19:42:00,,,13/01/2006,J,,N,J,31/01/2006 04:48:38,31/01/2006,04:48:38,03/01/2006 04:48:10,0.4,,,IN0,0000000000,,,,,0.0,,0.0,,,50053227.0,,,,,00/00/0000,00:00:00,,1,2006,03/01/2006 19:18:00,\\PUHAPS0149\Informatica_Prod\Inbox\Informatica\SAP\20130613000000_flf_sapeam_storing_initial,31/12/9999 00:00:00,1,1518,12704602,13/06/2013 13:37:52,0
14,50053229,0.0,,03/01/2006 13:33:00,03/01/2006 13:33:00," Logboeknr  Geeltje  :  107 Tijd: 1333   VL-Post: RTD MSS    MSW Mcn tr 4249 meldt vrachtwagen dicht langs het spoor thv kmn 12,5 (owv). Tr 4138 aanw vr.",,Mcn tr 4249 meldt vrachtwagen dicht lang,,,115.0,115.0,,,,0.0,0.0,5.0,,MAFS,,,00/00/0000,03/01/2006 13:33:00,,03B,115.0,115.0,,,,,,12500.0,0.0,,,,,,ONR-DERD,141.0,,ONREGDER,T,,,,03/01/2006 13:34:00,1.0,03/01/2006 13:34:00,,,N,,,0,NB,"0,30",,04/01/2006,04:48:10,03/01/2006,13:33:00,,,,115,,3.0,115,B,03/01/2006,13:33:00,,00:00:00,99999999.0,,00:00:00,,00:00:00,99999999.0,,00:00:00,,,99999999.0,0.0,00/00/0000,00:00:00,03/01/2006,13:34:00,1.0,99999999.0,03/01/2006,13:34:00,,,04/01/2006,J,,N,J,31/01/2006 04:48:39,31/01/2006,04:48:39,03/01/2006 04:48:10,0.02,,,IN0,0000000000,,,,,0.0,,0.0,,,50053229.0,,,,,00/00/0000,00:00:00,,1,2006,03/01/2006 13:33:00,\\PUHAPS0149\Informatica_Prod\Inbox\Informatica\SAP\20130613000000_flf_sapeam_storing_initial,31/12/9999 00:00:00,1,1518,12704603,13/06/2013 13:37:52,0
15,50053233,45.0,GN,03/01/2006 10:32:00,03/01/2006 10:32:00," Logboeknr  RBV  :   45 Tijd: 1032   VL-Post: GN        Datum: 03012006 Lw Rijri.sto. lw-hlg, eenmalig. 30127 +/- 10'.",03/01/2006 10:32:00,Logboeknr  RBV  :   45 Tijd: 1032   VL-P,,,1.0,1.0,,,,0.0,0.0,9.0,,MAFS,Aan AM toegewezen,0.0,04/01/2006,03/01/2006 10:32:00,,36S,1.0,1.0,,,,9998.0,OVERIG,0.0,0.0,,,,,Z,TECHONV,218.0,,,,,,,03/01/2006 11:25:00,4.0,03/01/2006 11:25:00,,,N,,,0,B,"3,20",,04/01/2006,05:50:16,03/01/2006,10:32:00,03/01/2006,10:32:00,,001,,36.0,001,S,03/01/2006,10:32:00,,00:00:00,99999999.0,,00:00:00,,00:00:00,99999999.0,,00:00:00,,,99999999.0,0.0,00/00/0000,00:00:00,03/01/2006,11:25:00,53.0,99999999.0,03/01/2006,11:25:00,,,05/01/2006,J,1.0,N,J,05/01/2009 15:10:28,05/01/2009,15:10:28,03/01/2006 05:50:16,0.88,,,IN0  H5,0000000000,,Rijri.sto. lw-hlg,,,0.0,,0.0,,,50053233.0,,,Lw,,00/00/0000,00:00:00,,1,2006,03/01/2006 10:32:00,\\PUHAPS0149\Informatica_Prod\Inbox\Informatica\SAP\20130613000000_flf_sapeam_storing_initial,31/12/9999 00:00:00,1,1518,12704604,13/06/2013 13:37:52,0
200,50053574,3.0,AH,08/01/2006 04:10:00,08/01/2006 04:10:00, Logboeknr  RBV  :    3 Tijd: 0410   VL-Post: AH        Datum: 08012006 Ow     O Meldkamer meld vrouw in het spoor bij km 40.3. Het bljikt een depressi eve man te zijn en is door de politie meegenomen,08/01/2006 04:10:00,Logboeknr  RBV  :    3 Tijd: 0410   VL-P,,,47.0,47.0,,,,0.0,0.0,9.0,,MAFS,Aan AM toegewezen,0.0,23/01/2006,08/01/2006 04:10:00,,21B,47.0,47.0,,,,,,40300.0,0.0,,,,,Z,ONR-DERD,142.0,,ONREGDER,T,,,,08/01/2006 04:33:00,4.0,23/01/2006 15:06:00,,,N,,,0,NB,"0,00",,23/01/2006,05:52:23,08/01/2006,04:10:00,08/01/2006,04:10:00,,047-STORNG,,21.0,047-STORNG,B,08/01/2006,04:10:00,,00:00:00,99999999.0,,00:00:00,,00:00:00,99999999.0,,00:00:00,,,99999999.0,0.0,00/00/0000,00:00:00,08/01/2006,04:33:00,23.0,99999999.0,23/01/2006,15:06:00,,,23/01/2006,J,1.0,N,J,05/01/2009 15:14:24,05/01/2009,15:14:24,08/01/2006 05:52:23,370.94,,,IN0,0000000000,,Km 40.3 Geen SMC-melding.,,,0.0,,0.0,,,50053574.0,,,Ow,O,00/00/0000,00:00:00,,1,2006,08/01/2006 04:10:00,\\PUHAPS0149\Informatica_Prod\Inbox\Informatica\SAP\20130613000000_flf_sapeam_storing_initial,31/12/9999 00:00:00,1,1518,12716578,13/06/2013 13:37:52,0
201,50053576,27.0,AH,06/01/2006 09:15:00,06/01/2006 09:15:00, Logboeknr  RBV  :   27 Tijd: 0915   VL-Post: AH        Datum: 06012006 Rs 2 HONDEN LANGS EN OP HET SPOOR = VANGERS,06/01/2006 09:15:00,Logboeknr  RBV  :   27 Tijd: 0915   VL-P,,,47.0,47.0,,,,0.0,0.0,9.0,,MAFS,Aan AM toegewezen,0.0,23/01/2006,06/01/2006 09:15:00,,21B,47.0,47.0,,,,,,34900.0,0.0,,,,,Z,ONR-DERD,143.0,,ONREGDER,T,,,,06/01/2006 10:08:00,4.0,23/01/2006 15:08:00,,,N,,,0,NB,"0,00",,23/01/2006,05:52:24,06/01/2006,09:15:00,06/01/2006,09:15:00,,047-STORNG,,21.0,047-STORNG,B,06/01/2006,09:15:00,,00:00:00,99999999.0,,00:00:00,,00:00:00,99999999.0,,00:00:00,,,99999999.0,0.0,00/00/0000,00:00:00,06/01/2006,10:08:00,53.0,99999999.0,23/01/2006,15:08:00,,,23/01/2006,J,1.0,N,J,05/01/2009 15:14:25,05/01/2009,15:14:25,06/01/2006 05:52:24,413.89,,,IN0,0000000000,,Geen SMC-melding.,,,0.0,,0.0,,,50053576.0,,,Rs,,00/00/0000,00:00:00,,1,2006,06/01/2006 09:15:00,\\PUHAPS0149\Informatica_Prod\Inbox\Informatica\SAP\20130613000000_flf_sapeam_storing_initial,31/12/9999 00:00:00,1,1518,12716579,13/06/2013 13:37:52,0
202,50053582,26.0,EHV,21/01/2006 14:00:00,21/01/2006 14:00:00, Logboeknr  RBV  :   26 Tijd: 1400   VL-Post: EHV       Datum: 21012006 Ehv Reiziger (VL-Ehv) meldt aan mcn 5248 dat bij ovw 49.0  Tgra kinderen m Rijden met aanwijzing Voorzichtig Rijden. Na 2 nihil-meldingen rijden met aanwijzing gestaakt om 14:12 uur,21/01/2006 14:00:00,Logboeknr  RBV  :   26 Tijd: 1400   VL-P,,,618.0,618.0,,,,0.0,0.0,9.0,,MAFS,Geaccepteerd AM,7.0,25/01/2006,21/01/2006 14:00:00,,24B,618.0,618.0,,,,,,49000.0,0.0,,,,,Z,ONR-DERD,145.0,,ONREGDER,T,,,,21/01/2006 14:12:00,4.0,23/01/2006 10:46:00,,,N,,,0,NB,"2,40",,23/01/2006,05:52:26,21/01/2006,14:00:00,21/01/2006,14:00:00,,618-STORNG,,24.0,618-STORNG,B,21/01/2006,14:00:00,,00:00:00,99999999.0,,00:00:00,,00:00:00,99999999.0,,00:00:00,,,99999999.0,0.0,00/00/0000,00:00:00,21/01/2006,14:12:00,12.0,99999999.0,23/01/2006,10:46:00,,,23/01/2006,J,1.0,N,J,05/01/2009 15:14:27,05/01/2009,15:14:27,21/01/2006 05:52:26,44.77,,,IN0,0000000000,,Geen SMC-melding. Afwijzing., IM : Lastgeving voor één ovw behoeft geen vertraging op te leveren van  drie minuten of meer per tr. Reiziger (VL-Ehv) meldt aan mcn 5248 dat bij ovw 49.0  Tgra kinderen m et stenen naar de treinen zijn aan het gooien.Rijden met a geen smc afwijzing,,0.0,,0.0,,,50053582.0,,,Ehv,,00/00/0000,00:00:00,,1,2006,21/01/2006 14:00:00,\\PUHAPS0149\Informatica_Prod\Inbox\Informatica\SAP\20130613000000_flf_sapeam_storing_initial,31/12/9999 00:00:00,1,1518,12716580,13/06/2013 13:37:52,0
203,50053583,39.0,EHV,01/01/2006 20:00:00,01/01/2006 20:00:00, Logboeknr  RBV  :   39 Tijd: 2000   VL-Post: EHV       Datum: 01012006 Hmbh Reiziger 6572 meldt via KLPD dat in Hmbh op spoor 1 een brullenbak zou Personeel 9674 heeft gekeken in Hmbh maar niets kunnen ontdekken.,01/01/2006 20:00:00,Logboeknr  RBV  :   39 Tijd: 2000   VL-P,,,55.0,55.0,,,,0.0,0.0,9.0,,MAFS,Aan AM toegewezen,0.0,23/01/2006,01/01/2006 20:00:00,,24B,55.0,55.0,,,,,,35520.0,0.0,,,,,Z,ONR-DERD,146.0,,ONREGDER,T,,,,01/01/2006 20:10:00,4.0,23/01/2006 15:13:00,,,N,,,0,NB,"0,40",,23/01/2006,05:52:27,01/01/2006,20:00:00,01/01/2006,20:00:00,,055-STORNG,,24.0,055-STORNG,B,01/01/2006,20:00:00,,00:00:00,99999999.0,,00:00:00,,00:00:00,99999999.0,,00:00:00,,,99999999.0,0.0,00/00/0000,00:00:00,01/01/2006,20:10:00,10.0,99999999.0,23/01/2006,15:13:00,,,23/01/2006,J,1.0,N,J,05/01/2009 15:14:28,05/01/2009,15:14:28,01/01/2006 05:52:27,523.22,,,IN0,0000000000,,Geen SMC-melding.,,,0.0,,0.0,,,50053583.0,,,Hmbh,,00/00/0000,00:00:00,,1,2006,01/01/2006 20:00:00,\\PUHAPS0149\Informatica_Prod\Inbox\Informatica\SAP\20130613000000_flf_sapeam_storing_initial,31/12/9999 00:00:00,1,1518,12716581,13/06/2013 13:37:52,0
204,50053584,13.0,EHV,12/01/2006 07:10:00,12/01/2006 07:10:00, Logboeknr  RBV  :   13 Tijd: 0710   VL-Post: EHV       Datum: 12012006 Hmh Aanrijding met persoon bij km 42.0. Gereden volgens versperringsmaatregel 22A 1917 + 153 richting venlo,12/01/2006 07:10:00,Logboeknr  RBV  :   13 Tijd: 0710   VL-P,,,55.0,55.0,,,,0.0,0.0,9.0,,MAFS MAFD,Aan AM toegewezen,0.0,23/01/2006,12/01/2006 07:10:00,,24B,55.0,55.0,,,,,,42000.0,0.0,,,,,Z,ONR-DERD,142.0,,ONREGDER,T,,,,12/01/2006 09:41:00,4.0,23/01/2006 15:16:00,,,N,,,0,NB,"14,40",,23/01/2006,05:52:27,12/01/2006,07:10:00,12/01/2006,07:10:00,,055-STORNG,,24.0,055-STORNG,B,12/01/2006,07:10:00,,00:00:00,99999999.0,,00:00:00,,00:00:00,99999999.0,,00:00:00,,,99999999.0,0.0,00/00/0000,00:00:00,12/01/2006,09:41:00,151.0,99999999.0,23/01/2006,15:16:00,,,23/01/2006,J,1.0,N,J,05/01/2009 15:14:29,05/01/2009,15:14:29,12/01/2006 05:52:27,272.11,,,IN0,0000000000,,Km 42.0 Geen SMC-melding.,,,0.0,,0.0,,,50053584.0,,,Hmh,,00/00/0000,00:00:00,,1,2006,12/01/2006 07:10:00,\\PUHAPS0149\Informatica_Prod\Inbox\Informatica\SAP\20130613000000_flf_sapeam_storing_initial,31/12/9999 00:00:00,1,1518,12716582,13/06/2013 13:37:52,0
205,50053586,61.0,EHV,07/01/2006 20:42:00,07/01/2006 20:42:00, Logboeknr  RBV  :   61 Tijd: 2042   VL-Post: EHV       Datum: 07012006 Hmh verdacht persoon gereden met aanwijzing thv 37.7,07/01/2006 20:42:00,Logboeknr  RBV  :   61 Tijd: 2042   VL-P,,,55.0,55.0,,,,0.0,0.0,9.0,,MAFS,Aan AM toegewezen,0.0,23/01/2006,07/01/2006 20:42:00,,24B,55.0,55.0,,,,,,37700.0,0.0,,,,,Z,ONR-DERD,142.0,,ONREGDER,T,,,,07/01/2006 21:06:00,4.0,23/01/2006 15:20:00,,,N,,,0,NB,"0,40",,23/01/2006,05:52:28,07/01/2006,20:42:00,07/01/2006,20:42:00,,055-STORNG,,24.0,055-STORNG,B,07/01/2006,20:42:00,,00:00:00,99999999.0,,00:00:00,,00:00:00,99999999.0,,00:00:00,,,99999999.0,0.0,00/00/0000,00:00:00,07/01/2006,21:06:00,24.0,99999999.0,23/01/2006,15:20:00,,,23/01/2006,J,1.0,N,J,05/01/2009 15:14:31,05/01/2009,15:14:31,07/01/2006 05:52:28,378.64,,,IN0,0000000000,,Km 37.7 - Geen SMC-melding.,,,0.0,,0.0,,,50053586.0,,,Hmh,,00/00/0000,00:00:00,,1,2006,07/01/2006 20:42:00,\\PUHAPS0149\Informatica_Prod\Inbox\Informatica\SAP\20130613000000_flf_sapeam_storing_initial,31/12/9999 00:00:00,1,1518,12716583,13/06/2013 13:37:52,0
206,50053587,154.0,EHV,08/01/2006 11:04:00,08/01/2006 11:04:00, Logboeknr  RBV  :  154 Tijd: 1104   VL-Post: EHV       Datum: 08012006 Hmh aanwijzing VR 44.0-46.0 op last  KLPD ; 3-tal pers. langs baan,08/01/2006 11:04:00,Logboeknr  RBV  :  154 Tijd: 1104   VL-P,,,55.0,55.0,,,,0.0,0.0,9.0,,MAFS,Aan AM toegewezen,0.0,23/01/2006,08/01/2006 11:04:00,,24B,55.0,55.0,,,,,,45000.0,0.0,,,,,Z,ONR-DERD,142.0,,ONREGDER,T,,,,08/01/2006 11:16:00,4.0,23/01/2006 15:26:00,,,N,,,0,NB,"0,00",,23/01/2006,05:52:28,08/01/2006,11:04:00,08/01/2006,11:04:00,,055-STORNG,,24.0,055-STORNG,B,08/01/2006,11:04:00,,00:00:00,99999999.0,,00:00:00,,00:00:00,99999999.0,,00:00:00,,,99999999.0,0.0,00/00/0000,00:00:00,08/01/2006,11:16:00,12.0,99999999.0,23/01/2006,15:26:00,,,23/01/2006,J,1.0,N,J,05/01/2009 15:14:32,05/01/2009,15:14:32,08/01/2006 05:52:28,364.37,,,IN0,0000000000,,Km 44-46 Geen SMC-melding.,,,0.0,,0.0,,,50053587.0,,,Hmh,,00/00/0000,00:00:00,,1,2006,08/01/2006 11:04:00,\\PUHAPS0149\Informatica_Prod\Inbox\Informatica\SAP\20130613000000_flf_sapeam_storing_initial,31/12/9999 00:00:00,1,1518,12716584,13/06/2013 13:37:52,0
207,50053588,32.0,EHV,20/01/2006 13:10:00,20/01/2006 13:10:00, Logboeknr  RBV  :   32 Tijd: 1310   VL-Post: EHV       Datum: 20012006 Ot mensen langs de baan,20/01/2006 13:10:00,Logboeknr  RBV  :   32 Tijd: 1310   VL-P,,,125.0,125.0,,,,0.0,0.0,9.0,,MAFS,Aan AM toegewezen,0.0,23/01/2006,20/01/2006 13:10:00,,23B,125.0,125.0,,,,,,30100.0,0.0,,,,,Z,ONR-DERD,142.0,,ONREGDER,T,,,,20/01/2006 13:25:00,4.0,23/01/2006 11:45:00,,,N,,,0,NB,"0,00",,23/01/2006,05:52:29,20/01/2006,13:10:00,20/01/2006,13:10:00,,125-STORNG,,23.0,125-STORNG,B,20/01/2006,13:10:00,,00:00:00,99999999.0,,00:00:00,,00:00:00,99999999.0,,00:00:00,,,99999999.0,0.0,00/00/0000,00:00:00,20/01/2006,13:25:00,15.0,99999999.0,23/01/2006,11:45:00,,,23/01/2006,J,1.0,N,J,05/01/2009 15:14:34,05/01/2009,15:14:34,20/01/2006 05:52:29,70.59,,,IN0,0000000000,,Km 30.1 Geen SMC-melding.,,,0.0,,0.0,,,50053588.0,,,Ot,,00/00/0000,00:00:00,,1,2006,20/01/2006 13:10:00,\\PUHAPS0149\Informatica_Prod\Inbox\Informatica\SAP\20130613000000_flf_sapeam_storing_initial,31/12/9999 00:00:00,1,1518,12716585,13/06/2013 13:37:52,0
208,50053591,39.0,EHV,20/01/2006 14:32:00,20/01/2006 14:32:00," Logboeknr  RBV  :   39 Tijd: 1432   VL-Post: EHV       Datum: 20012006 Vga 9647 stond voor wissel 309,deze was eenmalig gestoord,daardoor onstond  er een kleine opstopping,en kon 60273 niet op tijd vertrekken.",20/01/2006 14:32:00,Logboeknr  RBV  :   39 Tijd: 1432   VL-P,,21B,515.0,515.0,10527838.0,WISSEL,TVTK 515 Vga wissel  309A,0.0,0.0,9.0,,MAFS,Geaccepteerd AM,7.0,27/01/2006,20/01/2006 14:32:00,,21B,515.0,515.0,10527838.0,WISSEL,TVTK 515 Vga wissel  309A,,,0.0,0.0,,,,,Z,TECHONV,298.0,,,,,,,20/01/2006 14:47:00,4.0,23/01/2006 11:39:00,,,N,,,0,B,"0,40",,23/01/2006,05:52:30,20/01/2006,14:32:00,20/01/2006,14:32:00,21.0,515-302-1000076172,B,21.0,515-302-1000076172,B,20/01/2006,14:32:00,,00:00:00,99999999.0,,00:00:00,,00:00:00,99999999.0,,00:00:00,,,99999999.0,0.0,00/00/0000,00:00:00,20/01/2006,14:47:00,15.0,99999999.0,23/01/2006,11:39:00,,,25/01/2006,J,1.0,N,J,05/01/2009 15:14:35,05/01/2009,15:14:35,20/01/2006 05:52:30,69.12,,3.0,IN0,0000000000,,Geen SMC-melding.," geen smc melding,storing aan wl 309 niet gemeld, afwijzing 9647 stond voor wissel 309,deze was eenmalig gestoord,daardoor onstond  er een kleine opstopping,en kon 60273 niet op tijd vertrekken",,0.0,,0.0,,,50053591.0,,,Vga,,00/00/0000,00:00:00,,1,2006,20/01/2006 14:32:00,\\PUHAPS0149\Informatica_Prod\Inbox\Informatica\SAP\20130613000000_flf_sapeam_storing_initial,31/12/9999 00:00:00,1,1518,12716586,13/06/2013 13:37:52,0
209,50053592,31.0,EHV,22/01/2006 09:50:00,22/01/2006 09:50:00, Logboeknr  RBV  :   31 Tijd: 0950   VL-Post: EHV       Datum: 22012006 Vlb    Vry Op verzoek KLPD rijden met Aanwijzing VR van km 53.0 tot km 50.0 tusse,22/01/2006 09:50:00,Logboeknr  RBV  :   31 Tijd: 0950   VL-P,,,52.0,52.0,,,,0.0,0.0,9.0,,MAFS,Aan AM toegewezen,0.0,23/01/2006,22/01/2006 09:50:00,,27B,52.0,52.0,,,,,,51500.0,0.0,,,,,Z,ONR-DERD,142.0,,ONREGDER,T,,,,22/01/2006 10:36:00,4.0,23/01/2006 09:42:00,,,N,,,0,NB,"0,20",,23/01/2006,05:52:30,22/01/2006,09:50:00,22/01/2006,09:50:00,,052-STORNG,,27.0,052-STORNG,B,22/01/2006,09:50:00,,00:00:00,99999999.0,,00:00:00,,00:00:00,99999999.0,,00:00:00,,,99999999.0,0.0,00/00/0000,00:00:00,22/01/2006,10:36:00,46.0,99999999.0,23/01/2006,09:42:00,,,23/01/2006,J,1.0,N,J,05/01/2009 15:14:36,05/01/2009,15:14:36,22/01/2006 05:52:30,23.87,,,IN0,0000000000,,Km 50-53 Geen SMC-melding.,,,0.0,,0.0,,,50053592.0,,,Vlb,Vry,00/00/0000,00:00:00,,1,2006,22/01/2006 09:50:00,\\PUHAPS0149\Informatica_Prod\Inbox\Informatica\SAP\20130613000000_flf_sapeam_storing_initial,31/12/9999 00:00:00,1,1518,12716587,13/06/2013 13:37:52,0
210,50053603,34.0,MT,20/01/2006 12:55:00,20/01/2006 12:55:00, Logboeknr  RBV  :   34 Tijd: 1255   VL-Post: MT        Datum: 20012006 Rv Mcn 6244 meldt bijna aanrijding tussen reuver en Tegelen. Moeten wacht en op politie. treinen tussen Tg en Rv worden opgeheven. Na vertrek 62 44 nog rijden met aanwijzing VR daar de politie nog zoekt naar spullen  van meisje dat bijna aanrijding veroorzaakte.,20/01/2006 12:55:00,Logboeknr  RBV  :   34 Tijd: 1255   VL-P,,,60.0,60.0,,,,0.0,0.0,9.0,,MAFS,Aan AM toegewezen,0.0,23/01/2006,20/01/2006 12:55:00,,27B,60.0,60.0,,,,,,61772.0,0.0,,,,,Z,ONR-DERD,142.0,,ONREGDER,T,,,,20/01/2006 13:25:00,4.0,23/01/2006 11:43:00,,,N,,,0,NB,"1,80",,23/01/2006,05:52:34,20/01/2006,12:55:00,20/01/2006,12:55:00,,060-STORNG,,27.0,060-STORNG,B,20/01/2006,12:55:00,,00:00:00,99999999.0,,00:00:00,,00:00:00,99999999.0,,00:00:00,,,99999999.0,0.0,00/00/0000,00:00:00,20/01/2006,13:25:00,30.0,99999999.0,23/01/2006,11:43:00,,,23/01/2006,J,1.0,N,J,05/01/2009 15:14:38,05/01/2009,15:14:38,20/01/2006 05:52:34,70.81,,,IN0,0000000000,,Geen SMC-melding.,,,0.0,,0.0,,,50053603.0,,,Rv,,00/00/0000,00:00:00,,1,2006,20/01/2006 12:55:00,\\PUHAPS0149\Informatica_Prod\Inbox\Informatica\SAP\20130613000000_flf_sapeam_storing_initial,31/12/9999 00:00:00,1,1518,12716588,13/06/2013 13:37:52,0
211,50053604,40.0,MT,21/01/2006 17:19:00,21/01/2006 17:19:00, Logboeknr  RBV  :   40 Tijd: 1719   VL-Post: MT        Datum: 21012006 Srn dronken persoon te station susteren afgevoerd per ambulance,21/01/2006 17:19:00,Logboeknr  RBV  :   40 Tijd: 1719   VL-P,,,62.0,62.0,,,,0.0,0.0,9.0,,MAFS,Aan AM toegewezen,0.0,23/01/2006,21/01/2006 17:19:00,,25B,62.0,62.0,,,,,,28400.0,0.0,,,,,Z,ONR-DERD,142.0,,ONREGDER,T,,,,21/01/2006 18:28:00,4.0,23/01/2006 10:15:00,,,N,,,0,NB,"0,40",,23/01/2006,05:52:35,21/01/2006,17:19:00,21/01/2006,17:19:00,,062-STORNG,,25.0,062-STORNG,B,21/01/2006,17:19:00,,00:00:00,99999999.0,,00:00:00,,00:00:00,99999999.0,,00:00:00,,,99999999.0,0.0,00/00/0000,00:00:00,21/01/2006,18:28:00,69.0,99999999.0,23/01/2006,10:15:00,,,23/01/2006,J,1.0,N,J,05/01/2009 15:14:39,05/01/2009,15:14:39,21/01/2006 05:52:35,40.94,,,IN0,0000000000,,Km 28.4 - Geen SMC-melding.,,,0.0,,0.0,,,50053604.0,,,Srn,,00/00/0000,00:00:00,,1,2006,21/01/2006 17:19:00,\\PUHAPS0149\Informatica_Prod\Inbox\Informatica\SAP\20130613000000_flf_sapeam_storing_initial,31/12/9999 00:00:00,1,1518,12716589,13/06/2013 13:37:52,0
212,50053607,0.0,,23/01/2006 00:35:00,23/01/2006 00:35:00, Logboeknr  Geeltje  : 1207 Tijd: 0035   VL-Post: AMR HN De werkzaamheden genoemd in WBI RN 410315 zijn niet doorgegaan. Ook heeft niemand de moeite genomen om de trdl hiervan op de hoogte te stellen.,,Logboeknr  Geeltje  : 1207 Tijd: 0035,,,79.0,79.0,,,,0.0,0.0,9.0,,MAFS,,,00/00/0000,23/01/2006 00:35:00,,06B,79.0,79.0,,,,,,0.0,0.0,,,,,,ONR-RIB,135.0,,ONREGRIB,D,,,,23/01/2006 00:35:00,4.0,24/01/2006 13:17:00,,,N,,,0,B,"0,00",,24/01/2006,04:45:31,23/01/2006,00:35:00,,,,079,,6.0,079,B,23/01/2006,00:35:00,,00:00:00,99999999.0,,00:00:00,,00:00:00,99999999.0,,00:00:00,,,99999999.0,0.0,00/00/0000,00:00:00,23/01/2006,00:35:00,0.0,99999999.0,24/01/2006,13:17:00,,,10/02/2006,J,,N,J,05/01/2009 15:14:41,05/01/2009,15:14:41,23/01/2006 04:45:31,36.71,,,IN0  H5,0000410315,,werkzaamheden WBI 410315 niet doorgegaan,,,0.0,,0.0,,,50053607.0,,,,,00/00/0000,00:00:00,,1,2006,23/01/2006 00:35:00,\\PUHAPS0149\Informatica_Prod\Inbox\Informatica\SAP\20130613000000_flf_sapeam_storing_initial,31/12/9999 00:00:00,1,1518,12716590,13/06/2013 13:37:52,0
213,50053608,81.0,AH,18/01/2006 08:45:00,18/01/2006 08:45:00, Logboeknr  RBV  :   81 Tijd: 0845   VL-Post: AH        Datum: 18012006 Go Go tobs: Ten onrechte spoorbeztting achter sn 264. Oorzaak een stuk ijzer op de las. Ten onrechte spoorbeztting achter sn 264. Oorzaak een stuk ijzer op de,18/01/2006 08:45:00,Logboeknr  RBV  :   81 Tijd: 0845   VL-P,,,31.0,31.0,,,,0.0,0.0,9.0,,MAFS,Aan AM toegewezen,0.0,24/01/2006,18/01/2006 08:45:00,,32B,31.0,31.0,,,,,,29400.0,0.0,,,,,Z,ONR-DERD,146.0,,ONREGDER,T,,,,18/01/2006 09:25:00,4.0,18/01/2006 09:25:00,,,N,,,0,NB,"0,10",,24/01/2006,05:50:06,18/01/2006,08:45:00,18/01/2006,08:45:00,,031,,32.0,031,B,18/01/2006,08:45:00,,00:00:00,99999999.0,,00:00:00,,00:00:00,99999999.0,,00:00:00,,,99999999.0,0.0,00/00/0000,00:00:00,18/01/2006,09:25:00,40.0,99999999.0,18/01/2006,09:25:00,,,06/02/2006,J,1.0,N,J,05/01/2009 15:14:42,05/01/2009,15:14:42,18/01/2006 05:50:06,0.67,,,IN0  H5,0000000000,,stuk ijzer op de las,,,0.0,,0.0,,,50053608.0,,,Go,,00/00/0000,00:00:00,,1,2006,18/01/2006 08:45:00,\\PUHAPS0149\Informatica_Prod\Inbox\Informatica\SAP\20130613000000_flf_sapeam_storing_initial,31/12/9999 00:00:00,1,1518,12716591,13/06/2013 13:37:52,0
214,50053609,146.0,AH,23/01/2006 22:31:00,23/01/2006 22:31:00," Logboeknr  RBV  :  146 Tijd: 2231   VL-Post: AH        Datum: 23012006 IJbz IJbz aanr: Melding mcn 3685, dat trein stilstaat op IJsselbrug Zp ivm aanrijding van iets. Na schouwen van treinpersoneel niets aangetroffen en treinverkeer weer hervat. Melding mcn 3685, dat trein stilstaat op IJsselbrug Zp ivm aanrijding",23/01/2006 22:31:00,Logboeknr  RBV  :  146 Tijd: 2231   VL-P,,,609.0,609.0,,,,0.0,0.0,9.0,,MAFS MAFD,Geaccepteerd AM,7.0,10/02/2006,23/01/2006 22:31:00,,31B,609.0,609.0,,,,,,27072.0,0.0,,,,,Z,ONR-DERD,146.0,,ONREGDER,T,,,,23/01/2006 22:44:00,4.0,23/01/2006 22:44:00,,,N,,,0,NB,"1,60",,24/01/2006,05:50:06,23/01/2006,22:31:00,23/01/2006,22:31:00,,609,,31.0,609,B,23/01/2006,22:31:00,,00:00:00,99999999.0,,00:00:00,,00:00:00,99999999.0,,00:00:00,,,99999999.0,0.0,00/00/0000,00:00:00,23/01/2006,22:44:00,13.0,99999999.0,23/01/2006,22:44:00,,,28/02/2006,J,1.0,J,J,05/01/2009 15:14:44,05/01/2009,15:14:44,23/01/2006 05:50:06,0.22,,,IN0  H5,0000000000,,," deze is niet voor Prorail maar voor NSR er is niets gevonden dus geen oorzaak omte stoppen. Melding mcn 3685, dat trein stilstaat op IJsselbrug Zp ivm aanrijding van iets. Na schouwen van treinpersoneel niets aangetroffen en",,0.0,,0.0,,,50053609.0,,,IJbz,,00/00/0000,00:00:00,,1,2006,23/01/2006 22:31:00,\\PUHAPS0149\Informatica_Prod\Inbox\Informatica\SAP\20130613000000_flf_sapeam_storing_initial,31/12/9999 00:00:00,1,1518,12716592,13/06/2013 13:37:52,0
215,50053610,67.0,AH,23/01/2006 11:18:00,23/01/2006 11:18:00, Logboeknr  RBV  :   67 Tijd: 1118   VL-Post: AH        Datum: 23012006 Zp Zp personen: voor zichtrijden ivm persoon langs baan voor zichtrijden ivm persoon langs baan,23/01/2006 11:18:00,Logboeknr  RBV  :   67 Tijd: 1118   VL-P,,,609.0,609.0,,,,0.0,0.0,9.0,,MAFS,Aan AM toegewezen,0.0,24/01/2006,23/01/2006 11:18:00,,31B,609.0,609.0,,,,,,27545.0,0.0,,,,,Z,ONR-DERD,142.0,,ONREGDER,T,,,,23/01/2006 11:35:00,4.0,23/01/2006 11:35:00,,,N,,,0,NB,"0,40",,24/01/2006,05:50:07,23/01/2006,11:18:00,23/01/2006,11:18:00,,609,,31.0,609,B,23/01/2006,11:18:00,,00:00:00,99999999.0,,00:00:00,,00:00:00,99999999.0,,00:00:00,,,99999999.0,0.0,00/00/0000,00:00:00,23/01/2006,11:35:00,17.0,99999999.0,23/01/2006,11:35:00,,,14/02/2006,J,1.0,J,J,05/01/2009 15:14:46,05/01/2009,15:14:46,23/01/2006 05:50:07,0.28,,,IN0  H5,0000000000,,persoon langs de baan,,,0.0,,0.0,,,50053610.0,,,Zp,,00/00/0000,00:00:00,,1,2006,23/01/2006 11:18:00,\\PUHAPS0149\Informatica_Prod\Inbox\Informatica\SAP\20130613000000_flf_sapeam_storing_initial,31/12/9999 00:00:00,1,1518,12716593,13/06/2013 13:37:52,0
640400,80767620,2548910.0,AMR,08/06/2014 22:16:00,08/06/2014 22:10:00, 2+ Utg : [R] Tobs in wl 147A. S_Wbi 694750A.,08/06/2014 22:10:00,2+ Utg : [R] Tobs in wl 147A. S_Wbi 6947, F5 - Spoor/wissels,07B,522,522.0,10265590.0,WISSEL,522 Utg wl 147A,57342.0,0.0,2.0,TIS 1.1,MAFS,Geaccepteerd AM,7.0,26/06/2014,08/06/2014 22:16:00,08/06/2014 22:51:00,07B,522.0,522.0,10265590.0,WISSEL,522 Utg wl 147A,9998,WIS-BED,57342.0,0.0,08/06/2014 22:55:00,08/06/2014 23:30:15,,,Z,ONR-RIB,135.0, Als de trein in sectie 168A T rijdt valt sectie 147A kortstondig af,ONREGRIB,B,,N,,08/06/2014 22:55:00,1.0,13/06/2014 15:00:00,09/06/2014 00:50:00,N,J,,Nieuw,1,B,"0,00","14883, 3072, 3072, 14885, 14874, 3076, 4091, 3076,",08/06/2014,22:16:20,08/06/2014,22:16:00,08/06/2014,22:10:00,7.0,522-302-1000104212,B,7.0,522-302-1000104212,B,08/06/2014,22:16:00,08/06/2014,22:51:00,4.0,08/06/2014,22:55:00,08/06/2014,23:30:15,        4,,00:00:00,,, 99999999,0.0,00/00/0000,00:00:00,08/06/2014,22:55:00,39.0,35.0,13/06/2014,15:00:00,09/06/2014,00:50:00,25/06/2014,J,1.0,J,2,,13:49:37,08/06/20,,50.0,0.0,IN5,,, AL= Leo, Status gewijzigd van Concept naar Compl,,0,,0.0,,,,UTG,,UTG,CAS,00/00/0000,00:00:00,147A,,6,2014,09/06/2014 05:30:02,\\PUHAPS0149\Informatica_Prod\Inbox\Informatica\SAP\Storingen\20140630053003_flf_sapeam_storing.txt,06/10/2014 06:00:17,0,46633,3620870,30/06/2014 05:42:18,0
640401,80767620,2548910.0,AMR,08/06/2014 22:16:00,08/06/2014 22:10:00, 2+ Utg : [R] Tobs in wl 147A. S_Wbi 694750A.,08/06/2014 22:10:00,2+ Utg : [R] Tobs in wl 147A. S_Wbi 6947, F5 - Spoor/wissels,07B,522,522.0,10265590.0,WISSEL,522 Utg wl 147A,57342.0,0.0,2.0,TIS 1.1,MAFS,Geaccepteerd AM,7.0,26/06/2014,08/06/2014 22:16:00,08/06/2014 22:51:00,07B,522.0,522.0,10265590.0,WISSEL,522 Utg wl 147A,9998,WIS-BED,57342.0,0.0,08/06/2014 22:55:00,08/06/2014 23:30:15,,,Z,ONR-RIB,135.0, Als de trein in sectie 168A T rijdt valt sectie 147A kortstondig af,ONREGRIB,B,,N,,08/06/2014 22:55:00,1.0,13/06/2014 15:00:00,09/06/2014 00:50:00,N,J,J,Ongewijzigd,0,B,"0,00","14883, 3072, 3072, 14885, 14874, 3076, 4091, 3076,",08/06/2014,22:16:20,08/06/2014,22:16:00,08/06/2014,22:10:00,7.0,522-302-1000104212,B,7.0,522-302-1000104212,B,08/06/2014,22:16:00,08/06/2014,22:51:00,4.0,08/06/2014,22:55:00,08/06/2014,23:30:15,        4,,00:00:00,,, 99999999,0.0,00/00/0000,00:00:00,08/06/2014,22:55:00,39.0,35.0,13/06/2014,15:00:00,09/06/2014,00:50:00,25/06/2014,J,1.0,N,J,25/06/2014 13:49:37,25/06/2014,13:49:37,08/06/2014 22:16:20,0.0,50.0,0004,IN5,,,, Status gewijzigd van Concept naar Compleet op 09-06-2014 02.39 door Trdl_Amr_46(PRO-VKL):Toelichting: tobz achtergebleven na rijweg.Status gewijzigd van Compleet naar Vrijgegeven op 09-06-2014 02.48 door Reggy Snell rol 3 Amr(PRO-VKL):Toelichting: tobz achtergebleven na rijweg.Status gewijzigd van Vrijgegeven naar Afgewezen op 11-06-2014 01.00 door Systeemgebruiker SAP(IM):Toelichting: AM (KdJ): Einde incident om 23.30 uur. Graag eindtijd en einddatum aanpassen.Status gewijzigd van Afgewezen naar Vrijgegeven op 11-06-2014 09.35 door Helminde Hubeek(PRO-VKL):Toelichting: Laatste vertraagde trein is uitgangspunt voor aanpassing eindtijd. Tijd aangepast naar 00.50.,,0.0,,0.0,,,80767620,UTG,,UTG,CAS,00/00/0000,00:00:00,147A,10,2014,06/10/2014 06:00:17,\\PUHAPS0149\Informatica_Prod\Inbox\Informatica\SAP\Storingen\20141006060017_flf_sapeam_storing.txt,31/12/9999 00:00:00,1,84969,3620870,06/10/2014 06:02:59,0
640402,80767624,0.0,,09/06/2014 03:27:00,09/06/2014 03:27:00, Wdn:storing stroomvoorziening tevens tobs,,Wdn:storing stroomvoorziening tevens tob,,,605,605.0,,,,0.0,0.0,2.0,,MINB,,,00/00/0000,09/06/2014 03:28:00,09/06/2014 03:51:00,32S,,,,,,9999,3KVPANEL,0.0,0.0,09/06/2014 04:15:00,09/06/2014 04:05:26,,,Z,WEER,181.0," Vermoedelijk onweer, keringen in vk kast van assentel installatie in rh 100 te wdn, ( rijrichting st wdn-nvd).",,,,,,09/06/2014 04:15:00,1.0,,,,N,,,0,NB,"0,00",,09/06/2014,03:28:16,09/06/2014,03:27:00,,,,605,,32.0,,S,09/06/2014,03:28:00,09/06/2014,03:51:00,24.0,09/06/2014,04:15:00,09/06/2014,04:05:26,       24,,00:00:00,,, 99999999,0.0,00/00/0000,00:00:00,09/06/2014,04:15:00,47.0,23.0,,00:00:00,,,,,,,,,00:00:00,09/06/20,,70.0,,IN5,,,,,,0,,0.0,,,,,,,,00/00/0000,00:00:00,,,6,2014,09/06/2014 05:30:02,\\PUHAPS0149\Informatica_Prod\Inbox\Informatica\SAP\Storingen\20140624053002_flf_sapeam_storing.txt,07/07/2014 05:30:03,0,44874,3620873,24/06/2014 05:41:11,0
640403,80767624,0.0,,09/06/2014 03:27:00,09/06/2014 03:27:00, Wdn:storing stroomvoorziening tevens tobs,,Wdn:storing stroomvoorziening tevens tob,,,605,605.0,,,,0.0,0.0,2.0,,MAFS,,,00/00/0000,09/06/2014 03:28:00,09/06/2014 03:51:00,32S,605.0,605.0,,,,9999,3KVPANEL,0.0,0.0,09/06/2014 04:15:00,09/06/2014 04:05:26,,,Z,WEER,181.0," Vermoedelijk onweer, keringen in vk kast van assentel installatie in rh 100 te wdn, ( rijrichting st wdn-nvd).",,,,,,09/06/2014 04:15:00,1.0,,,,N,N,,0,NB,"0,00",,09/06/2014,03:28:16,09/06/2014,03:27:00,,,,605,,32.0,605,S,09/06/2014,03:28:00,09/06/2014,03:51:00,24.0,09/06/2014,04:15:00,09/06/2014,04:05:26,       24,,00:00:00,,, 99999999,0.0,00/00/0000,00:00:00,09/06/2014,04:15:00,47.0,23.0,,00:00:00,,,02/07/2014,,,J,0,,09:56:29,09/06/20,,70.0,,IN5,,,,,,0,,0.0,,,,,,,,00/00/0000,00:00:00,,,7,2014,07/07/2014 05:30:03,\\PUHAPS0149\Informatica_Prod\Inbox\Informatica\SAP\Storingen\20140707053003_flf_sapeam_storing.txt,06/10/2014 06:00:17,0,49476,3620873,07/07/2014 05:42:16,0
640404,80767624,0.0,,09/06/2014 03:27:00,09/06/2014 03:27:00, Wdn:storing stroomvoorziening tevens tobs,,Wdn:storing stroomvoorziening tevens tob,,,605,605.0,,,,0.0,0.0,2.0,,MAFS,,,00/00/0000,09/06/2014 03:28:00,09/06/2014 03:51:00,32S,605.0,605.0,,,,9999,3KVPANEL,0.0,0.0,09/06/2014 04:15:00,09/06/2014 04:05:26,,,Z,WEER,181.0," Vermoedelijk onweer, keringen in vk kast van assentel installatie in rh 100 te wdn, ( rijrichting st wdn-nvd).",,,,,,09/06/2014 04:15:00,1.0,,,,N,N,,0,NB,"0,00",,09/06/2014,03:28:16,09/06/2014,03:27:00,,,,605,,32.0,605,S,09/06/2014,03:28:00,09/06/2014,03:51:00,24.0,09/06/2014,04:15:00,09/06/2014,04:05:26,       24,,00:00:00,,, 99999999,0.0,00/00/0000,00:00:00,09/06/2014,04:15:00,47.0,23.0,,00:00:00,,,02/07/2014,,,J,J,02/07/2014 09:56:29,02/07/2014,09:56:29,09/06/2014 03:28:16,0.0,70.0,,IN5,,,,,,0.0,,0.0,,,80767624,,,,,00/00/0000,00:00:00,,10,2014,06/10/2014 06:00:17,\\PUHAPS0149\Informatica_Prod\Inbox\Informatica\SAP\Storingen\20141006060017_flf_sapeam_storing.txt,31/12/9999 00:00:00,1,84969,3620873,06/10/2014 06:02:59,0
640405,80767625,0.0,,09/06/2014 00:39:00,09/06/2014 00:39:00, Utzl : info + en hacousto gestoord,,Utzl : info + en hacousto gestoord,,13T,531,531.0,10955133.0,OMROEPOP,Utzl Omroep OP,32985.0,0.0,5.0,,MAFS,,,00/00/0000,09/06/2014 00:39:00,10/06/2014 10:00:00,14T,531.0,531.0,10955133.0,OMROEPOP,Utzl Omroep OP,2353,TIROS,32985.0,0.0,10/06/2014 14:48:00,10/06/2014 14:49:43,,,Z,TECHONV,218.0, Railcom gemaild e systemen,,,,,,10/06/2014 11:30:00,1.0,20/06/2014 14:45:00,,,N,,,0,B,"0,00",,09/06/2014,00:39:35,09/06/2014,00:39:00,,,13.0,531-802-1000132804,T,14.0,531-802-1000132804,T,09/06/2014,00:39:00,10/06/2014,10:00:00,90.0,10/06/2014,14:48:00,10/06/2014,14:49:43,      288,,00:00:00,,, 99999999,0.0,10/06/2014,08:38:00,10/06/2014,11:30:00,2091.0,2001.0,20/06/2014,14:45:00,,,24/06/2014,,,N,2,,12:42:50,09/06/20,,99.0,0.0,IN5,,,,,,0,,0.0,,,,,,,,10/06/2014,12:39:00,,,6,2014,09/06/2014 05:30:02,\\PUHAPS0149\Informatica_Prod\Inbox\Informatica\SAP\Storingen\20140625053001_flf_sapeam_storing.txt,06/10/2014 06:00:17,0,45175,3620871,25/06/2014 05:41:10,0
640406,80767625,0.0,,09/06/2014 00:39:00,09/06/2014 00:39:00, Utzl : info + en hacousto gestoord,,Utzl : info + en hacousto gestoord,,13T,531,531.0,10955133.0,OMROEPOP,Utzl Omroep OP,32985.0,0.0,5.0,,MAFS,,,00/00/0000,09/06/2014 00:39:00,10/06/2014 10:00:00,14T,531.0,531.0,10955133.0,OMROEPOP,Utzl Omroep OP,2353,TIROS,32985.0,0.0,10/06/2014 14:48:00,10/06/2014 14:49:43,,,Z,TECHONV,218.0, Railcom gemaild e systemen,,,,,,10/06/2014 11:30:00,1.0,20/06/2014 14:45:00,,,N,N,,0,B,"0,00",,09/06/2014,00:39:35,09/06/2014,00:39:00,,,13.0,531-802-1000132804,T,14.0,531-802-1000132804,T,09/06/2014,00:39:00,10/06/2014,10:00:00,90.0,10/06/2014,14:48:00,10/06/2014,14:49:43,      288,,00:00:00,,, 99999999,0.0,10/06/2014,08:38:00,10/06/2014,11:30:00,2091.0,2001.0,20/06/2014,14:45:00,,,24/06/2014,,,N,N,24/06/2014 12:42:50,24/06/2014,12:42:50,09/06/2014 00:39:35,0.0,99.0,0004,IN5,,,,,,0.0,,0.0,,,80767625,,,,,10/06/2014,12:39:00,,10,2014,06/10/2014 06:00:17,\\PUHAPS0149\Informatica_Prod\Inbox\Informatica\SAP\Storingen\20141006060017_flf_sapeam_storing.txt,31/12/9999 00:00:00,1,84969,3620871,06/10/2014 06:02:59,0
640407,80767626,0.0,,09/06/2014 04:53:00,09/06/2014 04:53:00, Dtmt : brandmelding dgb + gasblusinstall. actief,,Dtmt : brandmelding dgb + gasblusinstall,,,161,161.0,,,,0.0,0.0,2.0,,MINB,,,00/00/0000,09/06/2014 04:53:00,09/06/2014 06:15:00,11K,,,,,,,,0.0,0.0,09/06/2014 07:30:00,09/06/2014 07:30:15,,,Z,TECHONV,218.0, Gestoord object: TUNNEL KW 400 DRONTERMEER GESL.. Gestoord onderdeel: overige onderdelen. Display geeft algemene storing gasbluscent rale aan. Gasbluscentrale en brandmeldcentrale in beide dienstgebouwen gereset. Alles weer normaal.,,,,,,09/06/2014 07:25:00,4.0,09/06/2014 07:26:00,,,N,,,0,B,"0,00",,09/06/2014,04:53:27,09/06/2014,04:53:00,,,,161,,11.0,,K,09/06/2014,04:53:00,09/06/2014,06:15:00,70.0,09/06/2014,07:30:00,09/06/2014,07:30:15,       75,,00:00:00,,, 99999999,0.0,00/00/0000,00:00:00,09/06/2014,07:25:00,152.0,82.0,09/06/2014,07:26:00,,,,,,,,,00:00:00,09/06/20,,70.0,,IN5,,,,,,0,,0.0,,,,,,,,00/00/0000,00:00:00,,,6,2014,10/06/2014 05:30:03,\\PUHAPS0149\Informatica_Prod\Inbox\Informatica\SAP\Storingen\20140612053002_flf_sapeam_storing.txt,06/10/2014 06:00:17,0,41409,3620878,12/06/2014 05:41:18,0
640408,80767626,0.0,,09/06/2014 04:53:00,09/06/2014 04:53:00, Dtmt : brandmelding dgb + gasblusinstall. actief,,Dtmt : brandmelding dgb + gasblusinstall,,,161,161.0,,,,0.0,0.0,2.0,,MINB,,,00/00/0000,09/06/2014 04:53:00,09/06/2014 06:15:00,11K,,,,,,,,0.0,0.0,09/06/2014 07:30:00,09/06/2014 07:30:15,,,Z,TECHONV,218.0, Gestoord object: TUNNEL KW 400 DRONTERMEER GESL.. Gestoord onderdeel: overige onderdelen. Display geeft algemene storing gasbluscent rale aan. Gasbluscentrale en brandmeldcentrale in beide dienstgebouwen gereset. Alles weer normaal.,,,,,,09/06/2014 07:25:00,4.0,09/06/2014 07:26:00,,,N,N,,0,B,"0,00",,09/06/2014,04:53:27,09/06/2014,04:53:00,,,,161,,11.0,,K,09/06/2014,04:53:00,09/06/2014,06:15:00,70.0,09/06/2014,07:30:00,09/06/2014,07:30:15,       75,,00:00:00,,, 99999999,0.0,00/00/0000,00:00:00,09/06/2014,07:25:00,152.0,82.0,09/06/2014,07:26:00,,,,,,J,,,,00:00:00,09/06/2014 04:53:27,0.0,70.0,,IN5,,,,,,0.0,,0.0,,,80767626,,,,,00/00/0000,00:00:00,,10,2014,06/10/2014 06:00:17,\\PUHAPS0149\Informatica_Prod\Inbox\Informatica\SAP\Storingen\20141006060017_flf_sapeam_storing.txt,31/12/9999 00:00:00,1,84969,3620878,06/10/2014 06:02:59,0
640409,80767627,0.0,,09/06/2014 00:50:00,09/06/2014 00:50:00, Ddr : OS sns en bvl-schak.G kabelbeveiligng aangesproken.,,Ddr : OS sns en bvl-schak.G kabelbeveili,,05E,542,542.0,10019410.0,KABEL1500V,OS Ddr kabel 1500V G,93564.0,0.0,5.0,,MINB,,,00/00/0000,09/06/2014 00:54:00,09/06/2014 01:30:00,05E,,,,,,,,0.0,0.0,09/06/2014 03:00:00,09/06/2014 02:17:40,,,Z,TECHONV,215.0," Gestoord object: SNELSCHAKELAAR OS-DDR-G. Gestoord onderdeel: Geen onderdeel van toepassing. DCP snelschakelaar H defect hierdoor sn elschakelaar G uitgevallen. Kabels gemeggerd DCP relais gestoord, monteur stuurt uitvoerde mail om storing. Dinsdag 11 juni ver op t e pakken samen met FA Imtech. 10-06 10:45u DCP G weer terug geplaatst. Snelschakelaar G weer bij gezet ism het smc. Alles weer norma al.",,,,,,09/06/2014 02:10:00,2.0,10/06/2014 10:45:00,,,N,,,0,B,"0,00",,09/06/2014,00:54:25,09/06/2014,00:50:00,,,5.0,542-402-1000072608,E,5.0,,E,09/06/2014,00:54:00,09/06/2014,01:30:00,40.0,09/06/2014,03:00:00,09/06/2014,02:17:40,       90,,00:00:00,,, 99999999,0.0,09/06/2014,01:00:00,09/06/2014,02:10:00,76.0,36.0,10/06/2014,10:45:00,,,,,,,,,00:00:00,09/06/20,,30.0,,IN5,,,,,,0,,0.0,,,,,,,,09/06/2014,07:00:00,,,6,2014,09/06/2014 05:30:02,\\PUHAPS0149\Informatica_Prod\Inbox\Informatica\SAP\Storingen\20140619053002_flf_sapeam_storing.txt,06/10/2014 06:00:17,0,43311,3620872,19/06/2014 05:41:07,0
640410,80767627,0.0,,09/06/2014 00:50:00,09/06/2014 00:50:00, Ddr : OS sns en bvl-schak.G kabelbeveiligng aangesproken.,,Ddr : OS sns en bvl-schak.G kabelbeveili,,05E,542,542.0,10019410.0,KABEL1500V,OS Ddr kabel 1500V G,93564.0,0.0,5.0,,MAFS,,,00/00/0000,09/06/2014 00:54:00,09/06/2014 01:30:00,05E,542.0,542.0,10019410.0,KABEL1500V,OS Ddr kabel 1500V G,4510,K1500V,93564.0,0.0,09/06/2014 03:00:00,09/06/2014 02:17:40,,,Z,TECHONV,215.0," Gestoord object: SNELSCHAKELAAR OS-DDR-G. Gestoord onderdeel: Geen onderdeel van toepassing. DCP snelschakelaar H defect hierdoor sn elschakelaar G uitgevallen. Kabels gemeggerd DCP relais gestoord, monteur stuurt uitvoerde mail om storing. Dinsdag 11 juni ver op t e pakken samen met FA Imtech. 10-06 10:45u DCP G weer terug geplaatst. Snelschakelaar G weer bij gezet ism het smc. Alles weer norma al.",,,,,,09/06/2014 02:10:00,2.0,10/06/2014 10:45:00,,,N,N,,0,B,"0,00",,09/06/2014,00:54:25,09/06/2014,00:50:00,,,5.0,542-402-1000072608,E,5.0,542-402-1000072608,E,09/06/2014,00:54:00,09/06/2014,01:30:00,40.0,09/06/2014,03:00:00,09/06/2014,02:17:40,       90,,00:00:00,,, 99999999,0.0,09/06/2014,01:00:00,09/06/2014,02:10:00,76.0,36.0,10/06/2014,10:45:00,,,09/10/2014,,,J,J,22/10/2014 10:23:39,22/10/2014,10:23:39,09/06/2014 00:54:25,0.0,30.0,0005,IN5,,,,,,0.0,,0.0,,,80767627,,,,,09/06/2014,07:00:00,,10,2014,06/10/2014 06:00:17,\\PUHAPS0149\Informatica_Prod\Inbox\Informatica\SAP\Storingen\20141027060017_flf_sapeam_storing.txt,31/12/9999 00:00:00,1,95090,3620872,27/10/2014 06:02:48,0
640411,80767629,0.0,,08/06/2014 23:32:00,08/06/2014 23:32:00, Asd :wpl 5-039 div. stations gestoord,,Asd :wpl 5-039 div. stations gestoord,,,586,586.0,,,,0.0,0.0,5.0,,MAFS,,,00/00/0000,08/06/2014 23:32:00,08/06/2014 23:33:00,53P,,,,,,,,0.0,0.0,,,,,,TECHONV,221.0," RVO nummer nagervaagd , storing was opgelost door PCA.",,,,,,09/06/2014 00:13:00,2.0,11/06/2014 23:27:00,,,N,,,0,B,"0,00",,08/06/2014,23:32:27,08/06/2014,23:32:00,,,,586,,53.0,,P,08/06/2014,23:32:00,08/06/2014,23:33:00,40.0,,00:00:00,,00:00:00, 99999999,,00:00:00,,, 99999999,0.0,08/06/2014,23:32:00,09/06/2014,00:13:00,41.0,1.0,11/06/2014,23:27:00,,,12/06/2014,,,J,1,,12:10:38,08/06/20,,,,IN5,,,,,,0,,0.0,,,,,,,,09/06/2014,02:32:00,,,6,2014,09/06/2014 05:30:02,\\PUHAPS0149\Informatica_Prod\Inbox\Informatica\SAP\Storingen\20140613053002_flf_sapeam_storing.txt,06/10/2014 06:00:17,0,41748,3620857,13/06/2014 05:41:16,0
640412,80767629,0.0,,08/06/2014 23:32:00,08/06/2014 23:32:00, Asd :wpl 5-039 div. stations gestoord,,Asd :wpl 5-039 div. stations gestoord,,,586,586.0,,,,0.0,0.0,5.0,,MAFS,,,00/00/0000,08/06/2014 23:32:00,08/06/2014 23:33:00,53P,,,,,,,,0.0,0.0,,,,,,TECHONV,221.0," RVO nummer nagervaagd , storing was opgelost door PCA.",,,,,,09/06/2014 00:13:00,2.0,11/06/2014 23:27:00,,,N,N,,0,B,"0,00",,08/06/2014,23:32:27,08/06/2014,23:32:00,,,,586,,53.0,,P,08/06/2014,23:32:00,08/06/2014,23:33:00,40.0,,00:00:00,,00:00:00, 99999999,,00:00:00,,, 99999999,0.0,08/06/2014,23:32:00,09/06/2014,00:13:00,41.0,1.0,11/06/2014,23:27:00,,,12/06/2014,,,,J,12/06/2014 12:10:38,12/06/2014,12:10:38,08/06/2014 23:32:27,0.0,,,IN5,,,,,,0.0,,0.0,,,80767629,,,,,09/06/2014,02:32:00,,10,2014,06/10/2014 06:00:17,\\PUHAPS0149\Informatica_Prod\Inbox\Informatica\SAP\Storingen\20141006060017_flf_sapeam_storing.txt,31/12/9999 00:00:00,1,84969,3620857,06/10/2014 06:02:59,0
640413,80767630,0.0,,09/06/2014 03:24:00,09/06/2014 03:24:00, Zvb : Stroomvoorz gestoord.,,Zvb : Stroomvoorz gestoord.,,19E,120,120.0,10925574.0,LOC_VOED,Loc. voeding RH10/10A/20 Zvb stg stroomv,7723.0,0.0,5.0,,MINB,,,00/00/0000,09/06/2014 03:24:00,09/06/2014 04:15:00,19E,,,,,,9999,3KVPANEL,0.0,0.0,09/06/2014 04:50:00,09/06/2014 04:51:57,,,Z,WEER,181.0," De B12N12 was aangesproken door bliksem, na resetten weer in orde.",,,,,,09/06/2014 04:48:00,1.0,,,,N,,,0,NB,"0,00",,09/06/2014,03:24:43,09/06/2014,03:24:00,,,19.0,120-431-1000019287,E,19.0,,E,09/06/2014,03:24:00,09/06/2014,04:15:00,33.0,09/06/2014,04:50:00,09/06/2014,04:51:57,       35,,00:00:00,,, 99999999,0.0,09/06/2014,00:00:00,09/06/2014,04:48:00,84.0,51.0,,00:00:00,,,,,,,,,00:00:00,09/06/20,,70.0,,IN4  BEO,,,,,,0,,0.0,,,,,,,,09/06/2014,06:00:00,,,6,2014,09/06/2014 05:30:02,\\PUHAPS0149\Informatica_Prod\Inbox\Informatica\SAP\Storingen\20140610053003_flf_sapeam_storing.txt,14/07/2014 05:30:03,0,41042,3620859,10/06/2014 05:41:19,0
640414,80767630,0.0,,09/06/2014 03:24:00,09/06/2014 03:24:00, Zvb : Stroomvoorz gestoord.,,Zvb : Stroomvoorz gestoord.,,19E,120,120.0,10925574.0,LOC_VOED,Loc. voeding RH10/10A/20 Zvb stg stroomv,7723.0,0.0,5.0,,MINB,,,00/00/0000,09/06/2014 03:24:00,09/06/2014 04:15:00,19E,120.0,120.0,10423331.0,LVNOODSTGR,RH10 Zvb accu/GR B12-N12,9999,3KVPANEL,22759.0,0.0,09/06/2014 04:50:00,09/06/2014 04:51:57,,,Z,WEER,181.0," De B12N12 was aangesproken door bliksem, na resetten weer in orde.",,,,,,09/06/2014 04:48:00,1.0,07/07/2014 08:34:00,,,N,N,,0,NB,"0,00",,09/06/2014,03:24:43,09/06/2014,03:24:00,,,19.0,120-431-1000019287,E,19.0,120-431-1000019287,E,09/06/2014,03:24:00,09/06/2014,04:15:00,33.0,09/06/2014,04:50:00,09/06/2014,04:51:57,       35,,00:00:00,,, 99999999,0.0,09/06/2014,00:00:00,09/06/2014,04:48:00,84.0,51.0,07/07/2014,08:34:00,,,,,,,,,00:00:00,09/06/20,,70.0,0.0,IN5  BEO,,,,,,0,,0.0,,,,,,,,09/06/2014,06:00:00,,,7,2014,14/07/2014 05:30:03,\\PUHAPS0149\Informatica_Prod\Inbox\Informatica\SAP\Storingen\20140728053019_flf_sapeam_storing.txt,06/10/2014 06:00:17,0,56319,3620859,28/07/2014 05:42:23,0
640415,80767630,0.0,,09/06/2014 03:24:00,09/06/2014 03:24:00, Zvb : Stroomvoorz gestoord.,,Zvb : Stroomvoorz gestoord.,,19E,120,120.0,10925574.0,LOC_VOED,Loc. voeding RH10/10A/20 Zvb stg stroomv,7723.0,0.0,5.0,,MINB,,,00/00/0000,09/06/2014 03:24:00,09/06/2014 04:15:00,19E,120.0,120.0,10423331.0,LVNOODSTGR,RH10 Zvb accu/GR B12-N12,9999,3KVPANEL,22759.0,0.0,09/06/2014 04:50:00,09/06/2014 04:51:57,,,Z,WEER,181.0," De B12N12 was aangesproken door bliksem, na resetten weer in orde.",,,,,,09/06/2014 04:48:00,1.0,07/07/2014 08:34:00,,,N,N,,0,NB,"0,00",,09/06/2014,03:24:43,09/06/2014,03:24:00,,,19.0,120-431-1000019287,E,19.0,120-431-1000019287,E,09/06/2014,03:24:00,09/06/2014,04:15:00,33.0,09/06/2014,04:50:00,09/06/2014,04:51:57,       35,,00:00:00,,, 99999999,0.0,09/06/2014,00:00:00,09/06/2014,04:48:00,84.0,51.0,07/07/2014,08:34:00,,,,,,J,,,,00:00:00,09/06/2014 03:24:43,0.0,70.0,0003,IN5  BEO,,,,,,0.0,,0.0,,,80767630,,,,,09/06/2014,06:00:00,,10,2014,06/10/2014 06:00:17,\\PUHAPS0149\Informatica_Prod\Inbox\Informatica\SAP\Storingen\20141006060017_flf_sapeam_storing.txt,31/12/9999 00:00:00,1,84969,3620859,06/10/2014 06:02:59,0
824200,80873377,0.0,,11/12/2016 13:52:06,11/12/2016 13:52:06,Zvtl : Sprinklermeldcentrale west storing,,Zvtl : Sprinklermeldcentrale west storin,,71K,158,158.0,10878795.0,SPOORTUN,158 Spoortunnel Zevenaar,104216.0,104216.0,5.0,,MINB,,,00/00/0000,11/12/2016 13:52:06,,71K,158,158.0,10878795.0,SPOORTUN,158 Spoortunnel Zevenaar,,,104216.0,104216.0,,,,,,,,,,,,,,,,,,,N,,,0,B,"0,00",,11/12/2016,13:52:06,11/12/2016,13:52:06,,,71.0,158-202-1000131472,K,71.0,158-202-1000131472,K,11/12/2016,13:52:06,,00:00:00,0.0,,00:00:00,,00:00:00,0,,00:00:00,,,99999999,0.0,11/12/2016,13:50:01,00000000,00:00:00,0.0,0.0,,00:00:00,,,,,,,N,,,00:00:00,11/12/2016 13:52:06,0.0,,5.0,INIT,,,,,,0.0,,0,,,80873377,,,,,00/00/0000,00:00:00,,12,2016,12/12/2016 06:00:16,\\PUHAPS0149\Informatica_Prod\Inbox\Informatica\SAP\Storingen\20161212060016_flf_sapeam_storing.txt,20/02/2017 06:00:07,0,530359,3723361,12/12/2016 06:07:55,0
824201,80873377,0.0,,11/12/2016 13:52:06,11/12/2016 13:52:06,Zvtl : Sprinklermeldcentrale west storing,,Zvtl : Sprinklermeldcentrale west storin,,71K,158,158.0,10878795.0,SPOORTUN,158/611 Spoortunnel Zevenaar,104172.0,106495.0,5.0,,MINB,,,00/00/0000,11/12/2016 13:52:06,,71K,158,158.0,10878795.0,SPOORTUN,158/611 Spoortunnel Zevenaar,,,104172.0,106495.0,,,,,,,,,,,,,,,,,,,N,N,,0,B,"0,00",,11/12/2016,13:52:06,11/12/2016,13:52:06,,,71.0,158-202-1000131472,K,71.0,158-202-1000131472,K,11/12/2016,13:52:06,,00:00:00,0.0,,00:00:00,,00:00:00,0,,00:00:00,,,99999999,0.0,11/12/2016,13:50:01,00000000,00:00:00,0.0,0.0,,00:00:00,,,,,,,N,,,00:00:00,11/12/2016 13:52:06,0.0,,5.0,INIT,,,,,,0.0,,0,,,80873377,,,,,00/00/0000,00:00:00,,2,2017,20/02/2017 06:00:07,E:\Informatica\Inbox\Informatica\SAP\Storingen\20170220060007_flf_sapeam_storing.txt,31/12/9999 00:00:00,1,37953,3723361,20/02/2017 06:03:41,0
824202,80873378,0.0,,11/12/2016 13:44:02,11/12/2016 13:44:02,Apd : Sp-102/BB/AS t.h.v. wl-27B ATB-code  naar 0 Div. meldingen (dhr Adding is in de buurt nu),,Apd : Sp-102/BB/AS t.h.v. wl-27B ATB-cod,,31S,608,608.0,10643374.0,TREINBEINV,ATB-EG Apd,0.0,0.0,5.0,,MINB PAGE,,,00/00/0000,11/12/2016 13:44:03,11/12/2016 14:00:01,31S,608,608.0,10643374.0,TREINBEINV,ATB-EG Apd,,,0.0,0.0,11/12/2016 16:00:00,,,,,,,,,,,,,11/12/2016 14:55:01,1.0,,,,N,,,0,B,"0,00",,11/12/2016,13:44:02,11/12/2016,13:44:02,,,31.0,608-605-1000023999,S,31.0,608-605-1000023999,S,11/12/2016,13:44:03,11/12/2016,14:00:01,0.0,11/12/2016,16:00:00,20161211,14:36:42,120,,00:00:00,,,99999999,0.0,11/12/2016,13:42:01,11/12/2016,14:55:01,71.0,16.0,,00:00:00,,,,,,,N,,,00:00:00,11/12/2016 13:44:02,0.0,,2.0,IN4,,,,,,0.0,,0,,,80873378,,,,,00/00/0000,00:00:00,,12,2016,12/12/2016 06:00:16,\\PUHAPS0149\Informatica_Prod\Inbox\Informatica\SAP\Storingen\20161212060016_flf_sapeam_storing.txt,30/01/2017 06:00:27,0,530359,3723362,12/12/2016 06:07:55,0
824203,80873378,0.0,,11/12/2016 13:44:02,11/12/2016 13:44:02,Apd : Sp-102/BB/AS wl-27B ATB-code 2. Div. meldingen (Dhr Adding is in de buurt nu),,Apd : Sp-102/BB/AS wl-27B ATB-code 2. Di,,31S,608,608.0,10643374.0,TREINBEINV,ATB-EG Apd,0.0,0.0,5.0,,MINB PAGE,,,00/00/0000,11/12/2016 13:44:03,11/12/2016 14:00:01,31S,608,608.0,10643374.0,TREINBEINV,ATB-EG Apd,A001,ALUS0001,0.0,0.0,11/12/2016 16:00:00,,,,,TECHONV,221.0,,,,,,,11/12/2016 14:55:01,1.0,11/12/2016 15:35:00,,,N,N,,0,B,"0,00",,11/12/2016,13:44:02,11/12/2016,13:44:02,,,31.0,608-605-1000023999,S,31.0,608-605-1000023999,S,11/12/2016,13:44:03,11/12/2016,14:00:01,0.0,11/12/2016,16:00:00,20161211,14:36:42,120,,00:00:00,,,99999999,0.0,11/12/2016,13:42:01,11/12/2016,14:55:01,71.0,16.0,11/12/2016,15:35:00,,,,,,,N,,,00:00:00,11/12/2016 13:44:02,0.0,,2.0,IN4  CAOG CAON AKOG,,,,,,0.0,,0,,,80873378,,,,,00/00/0000,00:00:00,,1,2017,30/01/2017 06:00:27,\\PUHAPS0149\Informatica_Prod\Inbox\Informatica\SAP\Storingen\20170130060027_flf_sapeam_storing.txt,20/02/2017 06:00:07,0,572955,3723362,30/01/2017 06:17:23,0
824204,80873378,0.0,,11/12/2016 13:44:02,11/12/2016 13:44:02,Apd : Sp-102/BB/AS wl-27B ATB-code 2. Div. meldingen (Dhr Adding is in de buurt nu),,Apd : Sp-102/BB/AS wl-27B ATB-code 2. Di,,31S,608,608.0,10643374.0,TREINBEINV,ATB-EG Apd,0.0,0.0,5.0,,MINB PAGE,,,00/00/0000,11/12/2016 13:44:03,11/12/2016 14:00:01,31S,608,608.0,10643374.0,TREINBEINV,ATB-EG Apd,A001,ALUS0001,0.0,0.0,11/12/2016 16:00:00,,,,,TECHONV,221.0,,,,,,,11/12/2016 14:55:01,1.0,11/12/2016 15:35:00,,,N,N,,0,B,"0,00",,11/12/2016,13:44:02,11/12/2016,13:44:02,,,31.0,608-605-1000023999,S,31.0,608-605-1000023999,S,11/12/2016,13:44:03,11/12/2016,14:00:01,0.0,11/12/2016,16:00:00,20161211,14:36:42,120,,00:00:00,,,99999999,0.0,11/12/2016,13:42:01,11/12/2016,14:55:01,71.0,16.0,11/12/2016,15:35:00,,,,,,,N,,,00:00:00,11/12/2016 13:44:02,0.0,,2.0,TAOG CAOG CAON AKOG,,,,,,0.0,,0,,,80873378,,,,,00/00/0000,00:00:00,,2,2017,20/02/2017 06:00:07,E:\Informatica\Inbox\Informatica\SAP\Storingen\20170227060007_flf_sapeam_storing.txt,31/12/9999 00:00:00,1,42991,3723362,27/02/2017 06:03:04,0
824205,80873380,0.0,,11/12/2016 13:53:20,11/12/2016 13:53:20,Pktl : E91 Sprinklermeldcentrale storing,,Pktl : E91 Sprinklermeldcentrale storing,,71K,158,158.0,10878794.0,SPOORTUN,158 Spoortunnel Pannerdesch kanaal,98010.0,100578.0,5.0,,MINB,,,00/00/0000,11/12/2016 13:53:20,,71K,158,158.0,10878794.0,SPOORTUN,158 Spoortunnel Pannerdesch kanaal,,,98010.0,100578.0,,,,,,,,,,,,,,,,,,,N,,,0,B,"0,00",,11/12/2016,13:53:20,11/12/2016,13:53:20,,,71.0,158-202-1000129911,K,71.0,158-202-1000129911,K,11/12/2016,13:53:20,,00:00:00,0.0,,00:00:00,,00:00:00,0,,00:00:00,,,99999999,0.0,11/12/2016,13:53:01,00000000,00:00:00,0.0,0.0,,00:00:00,,,,,,,N,,,00:00:00,11/12/2016 13:53:20,0.0,,5.0,INIT,,,,,,0.0,,0,,,80873380,,,,,00/00/0000,00:00:00,,12,2016,12/12/2016 06:00:16,\\PUHAPS0149\Informatica_Prod\Inbox\Informatica\SAP\Storingen\20161212060016_flf_sapeam_storing.txt,31/12/9999 00:00:00,1,530359,3723363,12/12/2016 06:07:55,0
824206,80873381,0.0,,11/12/2016 14:05:10,11/12/2016 14:05:10,Mvt : Wl-113A/B RL n.i.c.,,Mvt : Wl-113A/B RL n.i.c.,,04B,950,950.0,11014645.0,WISSEL,950 Mvt wl 113B km 41.897 wissel,41881.0,41908.0,5.0,,MINB,,,00/00/0000,11/12/2016 14:05:10,11/12/2016 15:49:00,04B,950,950.0,11014645.0,WISSEL,950 Mvt wl 113B km 41.897 wissel,8199,WIS-CON,41881.0,41908.0,12/12/2016 17:00:00,,,,,ONR-DERD,146.0,"kabel RH 10 gemeten, naar aansluitbak va kabel RH 10 gemeten, naar aansluitbak van wl 113A kabel is 4x 6mm, er zijn geen afwijkijngen geconstateerd kabel ok. Slibstroom gem eten van 5,2A 5,6A.de omloopstroom is 4A. Het wl blijft in de RL stand hangen(0,50cm). De glijstoelen waren licht vervuld met ijze rerts gruis,afstelling gecontroleerd.",ONREGDER,T,,,,11/12/2016 22:00:00,4.0,,,,N,,,0,NB,"0,00",,11/12/2016,14:05:10,11/12/2016,14:05:10,,,4.0,950-302-1000137538,B,4.0,950-302-1000137538,B,11/12/2016,14:05:10,11/12/2016,15:49:00,0.0,12/12/2016,17:00:00,20161211,22:01:16,1511,,00:00:00,,,99999999,0.0,11/12/2016,14:03:00,11/12/2016,22:00:00,475.0,1060287349.0,,00:00:00,,,,,,,N,,,00:00:00,11/12/2016 14:05:10,0.0,,5.0,IN4,,,"kabel RH 10 gemeten, naar aansluitbak va",,,0.0,,0,,,80873381,,,,,00/00/0000,00:00:00,113B,12,2016,12/12/2016 06:00:16,\\PUHAPS0149\Informatica_Prod\Inbox\Informatica\SAP\Storingen\20161212060016_flf_sapeam_storing.txt,06/03/2017 06:00:07,0,530359,3723364,12/12/2016 06:07:55,0
824207,80873381,0.0,,11/12/2016 14:05:10,11/12/2016 14:05:10,Mvt : Wl-113A/B RL n.i.c.,,Mvt : Wl-113A/B RL n.i.c.,,04B,950,950.0,11014645.0,WISSEL,950 Wl 113B GW 1:9,41881.0,41908.0,5.0,,MINB,,,00/00/0000,11/12/2016 14:05:10,11/12/2016 15:49:00,04B,950,950.0,11014645.0,WISSEL,950 Wl 113B GW 1:9,8199,WIS-CON,41881.0,41908.0,12/12/2016 17:00:00,,,,,ONR-DERD,146.0,"kabel RH 10 gemeten, naar aansluitbak va kabel RH 10 gemeten, naar aansluitbak van wl 113A kabel is 4x 6mm, er zijn geen afwijkijngen geconstateerd kabel ok. Slibstroom gem eten van 5,2A 5,6A.de omloopstroom is 4A. Het wl blijft in de RL stand hangen(0,50cm). De glijstoelen waren licht vervuld met ijze rerts gruis,afstelling gecontroleerd.",ONREGDER,T,,,,11/12/2016 22:00:00,4.0,,,,N,N,,0,NB,"0,00",,11/12/2016,14:05:10,11/12/2016,14:05:10,,,4.0,950-302-1000137538,B,4.0,950-302-1000137538,B,11/12/2016,14:05:10,11/12/2016,15:49:00,0.0,12/12/2016,17:00:00,20161211,22:01:16,1511,,00:00:00,,,99999999,0.0,11/12/2016,14:03:00,11/12/2016,22:00:00,475.0,1060287349.0,,00:00:00,,,,,,,N,,,00:00:00,11/12/2016 14:05:10,0.0,,5.0,TAON,,,"kabel RH 10 gemeten, naar aansluitbak va",,,0.0,,0,,,80873381,,,,,00/00/0000,00:00:00,113B,3,2017,06/03/2017 06:00:07,E:\Informatica\Inbox\Informatica\SAP\Storingen\20170403060008_flf_sapeam_storing.txt,31/12/9999 00:00:00,1,69192,3723364,03/04/2017 06:07:48,0
824208,80873383,0.0,,11/12/2016 17:17:50,11/12/2016 17:17:50,Ps : WL-237 LL n.i.c.,,Ps : WL-237 LL n.i.c.,,,950,950.0,,,,0.0,0.0,2.0,,MINB,,,00/00/0000,11/12/2016 17:17:50,11/12/2016 22:50:00,04X,950,950.0,,,,9998,ADDBEV,0.0,0.0,11/12/2016 23:04:00,,,,,TECHONV,221.0,"steenslag in de rechter binnen tong, ver steenslag in de rechter binnen tong, verwijderd. oorzaak werkzaamheden. Alles weer in orde. Steenslag verwijderd en getest.",,,,,,11/12/2016 23:04:00,1.0,,,,N,,,0,B,"0,00",,11/12/2016,17:17:50,11/12/2016,17:17:50,,,,950,,4.0,950,X,11/12/2016,17:17:50,11/12/2016,22:50:00,0.0,11/12/2016,23:04:00,20161211,23:05:11,14,,00:00:00,,,99999999,0.0,00/00/0000,00:00:00,11/12/2016,23:04:00,346.0,1060287770.0,,00:00:00,,,,,,,N,,,00:00:00,11/12/2016 17:17:50,0.0,,5.0,IN4,,,"steenslag in de rechter binnen tong, ver",,,0.0,,0,,,80873383,,,,,00/00/0000,00:00:00,RTZGK-MVT,12,2016,12/12/2016 06:00:16,\\PUHAPS0149\Informatica_Prod\Inbox\Informatica\SAP\Storingen\20161213060014_flf_sapeam_storing.txt,06/03/2017 06:00:07,0,531262,3723365,13/12/2016 06:08:46,0
824209,80873383,0.0,,11/12/2016 17:17:50,11/12/2016 17:17:50,Ps : WL-237 LL n.i.c.,,Ps : WL-237 LL n.i.c.,,,950,950.0,,,,0.0,0.0,2.0,,MINB,,,00/00/0000,11/12/2016 17:17:50,11/12/2016 22:50:00,04X,950,950.0,,,,9998,ADDBEV,0.0,0.0,11/12/2016 23:04:00,,,,,TECHONV,221.0,"steenslag in de rechter binnen tong, ver steenslag in de rechter binnen tong, verwijderd. oorzaak werkzaamheden. Alles weer in orde. Steenslag verwijderd en getest.",,,,,,11/12/2016 23:04:00,1.0,,,,N,N,,0,B,"0,00",,11/12/2016,17:17:50,11/12/2016,17:17:50,,,,950,,4.0,950,X,11/12/2016,17:17:50,11/12/2016,22:50:00,0.0,11/12/2016,23:04:00,20161211,23:05:11,14,,00:00:00,,,99999999,0.0,00/00/0000,00:00:00,11/12/2016,23:04:00,346.0,1060287770.0,,00:00:00,,,,,,,N,,,00:00:00,11/12/2016 17:17:50,0.0,,5.0,TAON,,,"steenslag in de rechter binnen tong, ver",,,0.0,,0,,,80873383,,,,,00/00/0000,00:00:00,RTZGK-MVT,3,2017,06/03/2017 06:00:07,E:\Informatica\Inbox\Informatica\SAP\Storingen\20170306060007_flf_sapeam_storing.txt,31/12/9999 00:00:00,1,48083,3723365,06/03/2017 08:27:39,0
824210,80873384,0.0,,11/12/2016 15:53:20,11/12/2016 15:53:20,Bzl : Sp-2 omr gestoord.,,Bzl : Sp-2 omr gestoord.,,64T,127,127.0,10122871.0,LUIDSPR,Bzl Luidspreker sp 2,44070.0,44070.0,4.0,,MINB,,,00/00/0000,11/12/2016 15:53:20,11/12/2016 15:53:58,64T,127,127.0,10122871.0,LUIDSPR,Bzl Luidspreker sp 2,,,44070.0,44070.0,,,,,,TECHONV,215.0,de helft van de speakers stond uit doord de helft van de speakers stond uit doordat er een kabel los zat (mogelijk door werkzaamheden),,,,,,11/12/2016 18:40:15,1.0,11/12/2016 18:40:15,,,N,,,0,B,"0,00",,11/12/2016,15:53:20,11/12/2016,15:53:20,,,64.0,127-802-1000057709,T,64.0,127-802-1000057709,T,11/12/2016,15:53:20,11/12/2016,15:53:58,0.0,,00:00:00,,00:00:00,0,,00:00:00,,,99999999,0.0,00/00/0000,00:00:00,11/12/2016,18:40:15,167.0,1060287354.0,11/12/2016,18:40:15,,,,,,,N,,,00:00:00,11/12/2016 15:53:20,0.0,,3.0,TAON,,,de helft van de speakers stond uit doord,,,0.0,,0,,,80873384,,,,,00/00/0000,00:00:00,BZL,12,2016,12/12/2016 06:00:16,\\PUHAPS0149\Informatica_Prod\Inbox\Informatica\SAP\Storingen\20161215060016_flf_sapeam_storing.txt,31/12/9999 00:00:00,1,533029,3723366,15/12/2016 06:12:31,0
824211,80873387,0.0,,11/12/2016 15:14:11,11/12/2016 15:14:11,"Zl : Wlverw brandt t.o. aan oostzijde, ri Dv-Hno.",,"Zl : Wlverw brandt t.o. aan oostzijde, r",,34B,603,603.0,10178189.0,WVKAST,"ZL, GK, Zlge, 04, 3.35",3338.0,3338.0,5.0,,MINB,,,00/00/0000,11/12/2016 15:14:11,11/12/2016 15:30:00,34B,603,603.0,10178189.0,WVKAST,"ZL, GK, Zlge, 04, 3.35",,,3338.0,3338.0,11/12/2016 15:47:00,,,,,TECHONV,215.0,"Gestoord object: WISSELVERW. 4/ZL. Gesto Gestoord object: WISSELVERW. 4/ZL. Gestoord onderdeel: overige onderdelen. Spoorstaaf voeler is defect. Op afstand ingebeld en wslve rwarming uitgezet. Nawerk:  603 ZL, GK, Zlge, 04, 3.35 trdl",,,,,,11/12/2016 15:46:00,1.0,11/12/2016 15:47:00,,,N,,,0,B,"0,00",,11/12/2016,15:14:11,11/12/2016,15:14:11,,,34.0,603-303-1000011232,B,34.0,603-303-1000011232,B,11/12/2016,15:14:11,11/12/2016,15:30:00,0.0,11/12/2016,15:47:00,20161211,15:51:39,17,,00:00:00,,,99999999,0.0,11/12/2016,15:11:01,11/12/2016,15:46:00,32.0,1060287330.0,11/12/2016,15:47:00,,,,,,,N,,,00:00:00,11/12/2016 15:14:11,0.0,,2.0,TAON,,,Gestoord object: WISSELVERW. 4/ZL. Gesto,,,0.0,,0,,,80873387,,,,,00/00/0000,00:00:00,,12,2016,12/12/2016 06:00:16,\\PUHAPS0149\Informatica_Prod\Inbox\Informatica\SAP\Storingen\20161221060026_flf_sapeam_storing.txt,23/01/2017 06:00:18,0,537585,3723367,21/12/2016 06:06:31,0
824212,80873387,0.0,,11/12/2016 15:14:11,11/12/2016 15:14:11,"Zl : Wlverw brandt t.o. aan oostzijde, ri Dv-Hno.",,"Zl : Wlverw brandt t.o. aan oostzijde, r",,34B,603,603.0,10178189.0,WVKAST,"ZL, GK, Zlge, 04, 3.35",3338.0,3338.0,5.0,,MINB,,,00/00/0000,11/12/2016 15:14:11,11/12/2016 15:30:00,34B,603,603.0,10178189.0,WVKAST,"ZL, GK, Zlge, 04, 3.35",,,3338.0,3338.0,11/12/2016 15:47:00,,,,,TECHONV,215.0,"Gestoord object: WISSELVERW. 4/ZL. Gesto Gestoord object: WISSELVERW. 4/ZL. Gestoord onderdeel: overige onderdelen. Spoorstaaf voeler is defect. Op afstand ingebeld en wslve rwarming uitgezet. Nawerk:  603 ZL, GK, Zlge, 04, 3.35 trdl",,,,,,11/12/2016 15:46:00,1.0,11/12/2016 15:47:00,,,N,N,,0,B,"0,00",,11/12/2016,15:14:11,11/12/2016,15:14:11,,,34.0,603-303-1000011232,B,34.0,603-303-1000011232,B,11/12/2016,15:14:11,11/12/2016,15:30:00,0.0,11/12/2016,15:47:00,20161211,15:51:39,17,,00:00:00,,,99999999,0.0,11/12/2016,15:11:01,11/12/2016,15:46:00,32.0,1060287330.0,11/12/2016,15:47:00,,,,,,,N,,,00:00:00,11/12/2016 15:14:11,0.0,,2.0,TAOG,,,Gestoord object: WISSELVERW. 4/ZL. Gesto,,,0.0,,0,,,80873387,,,,,00/00/0000,00:00:00,,1,2017,23/01/2017 06:00:18,\\PUHAPS0149\Informatica_Prod\Inbox\Informatica\SAP\Storingen\20170123060018_flf_sapeam_storing.txt,31/12/9999 00:00:00,1,566686,3723367,23/01/2017 06:17:29,0
824213,80873388,4029661.0,ZL,11/12/2016 15:10:57,11/12/2016 15:14:00,Hdb : Ovw 46.5 boom valt steeds iets naar beneden (li-zijde ri Zl),11/12/2016 15:14:00,Hdb : Ovw 46.5 boom valt steeds iets naa,F5 - Spoor/wissels,34B,203,203.0,10211146.0,OVERWEG,Mini Ahob 46.5 MRB-GBG Kanaalweg,46509.0,46509.0,2.0,,MINB,Opnieuw aan AM toegewezen,1.0,15/12/2016,11/12/2016 15:10:57,11/12/2016 15:37:50,34S,203,203.0,10211146.0,OVERWEG,Mini Ahob 46.5 MRB-GBG Kanaalweg,8059,OVW-ALG,46509.0,46509.0,11/12/2016 17:00:00,,,,,TECHONV,228.0,Gestoord object: OVERWEG 46.5. Gestoord Gestoord object: OVERWEG 46.5. Gestoord onderdeel: Overige ond. overweginstal.. Ader los van de magneetrem ahobsteller paal 1. 16:00 u Treinen rijden weer normaal.  16:50u Ader opnieuw gemonteerd.  mAhob 46.5 Kanaalweg Emn-Mrb 203 Mini Ahob 46.5 MRB-GBG Kanaalweg B v/d wal 0651394077,,,,,,11/12/2016 16:00:00,1.0,11/12/2016 16:50:00,11/12/2016 15:53:00,J,N,,,0,B,"0,00",,11/12/2016,15:10:57,11/12/2016,15:10:57,11/12/2016,15:14:00,34.0,203-204-1000061613,B,34.0,203-204-1000061613,S,11/12/2016,15:10:57,11/12/2016,15:37:50,0.0,11/12/2016,17:00:00,20161211,16:54:45,82,,00:00:00,,,99999999,0.0,00/00/0000,00:00:00,11/12/2016,16:00:00,49.0,1060287338.0,11/12/2016,16:50:00,11/12/2016,15:53:00,,,2.0,,N,,,00:00:00,11/12/2016 15:10:57,0.0,,2.0,TAOG MON,,,Gestoord object: OVERWEG 46.5. Gestoord, Status gewijzigd van Concept naar Compleet op 11-12-2016 15.53 door Werkplek 1-126 Rol2(PRO-VKL): Toelichting: problemen met overwegboom die niet goed sluit. gemeld door OBI Status gewijzigd van Compleet naar Vrijgegeven op 11-12-2016 15.54 door Hans Grob rol 3(PRO-VKL): Toelichting: problemen met overwegboom die niet goed sluit. gemeld door OBI Status gewijzigd van Vrijgegeven naar Afgewezen op 14-12-2016 10.00 door Systeemgebruiker SAP(IM): Toelichting: (AM - CvK) Ovw-storing is vhds-incident. Toewijzingsvraag dient met JA te worden beantwoorden a.u.b. Status gewijzigd van Afgewezen naar Vrijgegeven op 15-12-2016 10.10 door Bert Grotendorst(PRO-VKL): Toelichting: Veiligheidsrisico met JA beantwoord en nogmaals toegewezen.,,0.0,,0,,,80873388,HDB,,HDB,GBG,00/00/0000,00:00:00,46.5,12,2016,12/12/2016 06:00:16,\\PUHAPS0149\Informatica_Prod\Inbox\Informatica\SAP\Storingen\20161220060015_flf_sapeam_storing.txt,27/02/2017 06:00:07,0,536711,3723368,20/12/2016 08:09:40,0
824214,80873388,4029661.0,ZL,11/12/2016 15:10:57,11/12/2016 15:14:00,Hdb : Ovw 46.5 boom valt steeds iets naar beneden (li-zijde ri Zl),11/12/2016 15:14:00,Hdb : Ovw 46.5 boom valt steeds iets naa,F5 - Spoor/wissels,34S,203,203.0,10211146.0,OVERWEG,Mini Ahob 46.5 MRB-GBG Kanaalweg,46509.0,46509.0,2.0,,MINB,Opnieuw aan AM toegewezen,1.0,15/12/2016,11/12/2016 15:10:57,11/12/2016 15:37:50,34S,203,203.0,10211146.0,OVERWEG,Mini Ahob 46.5 MRB-GBG Kanaalweg,8059,OVW-ALG,46509.0,46509.0,11/12/2016 17:00:00,,,,,TECHONV,228.0,Gestoord object: OVERWEG 46.5. Gestoord Gestoord object: OVERWEG 46.5. Gestoord onderdeel: Overige ond. overweginstal.. Ader los van de magneetrem ahobsteller paal 1. 16:00 u Treinen rijden weer normaal.  16:50u Ader opnieuw gemonteerd.  mAhob 46.5 Kanaalweg Emn-Mrb 203 Mini Ahob 46.5 MRB-GBG Kanaalweg B v/d wal 0651394077,,,,,,11/12/2016 16:00:00,1.0,11/12/2016 16:50:00,11/12/2016 15:53:00,J,N,N,,0,B,"0,00",,11/12/2016,15:10:57,11/12/2016,15:10:57,11/12/2016,15:14:00,34.0,203-204-1000061613,S,34.0,203-204-1000061613,S,11/12/2016,15:10:57,11/12/2016,15:37:50,0.0,11/12/2016,17:00:00,20161211,16:54:45,82,,00:00:00,,,99999999,0.0,00/00/0000,00:00:00,11/12/2016,16:00:00,49.0,1060287338.0,11/12/2016,16:50:00,11/12/2016,15:53:00,,,2.0,,N,,,00:00:00,11/12/2016 15:10:57,0.0,,2.0,TAOG MON,,,Gestoord object: OVERWEG 46.5. Gestoord, Status gewijzigd van Concept naar Compleet op 11-12-2016 15.53 door Werkplek 1-126 Rol2(PRO-VKL): Toelichting: problemen met overwegboom die niet goed sluit. gemeld door OBI Status gewijzigd van Compleet naar Vrijgegeven op 11-12-2016 15.54 door Hans Grob rol 3(PRO-VKL): Toelichting: problemen met overwegboom die niet goed sluit. gemeld door OBI Status gewijzigd van Vrijgegeven naar Afgewezen op 14-12-2016 10.00 door Systeemgebruiker SAP(IM): Toelichting: (AM - CvK) Ovw-storing is vhds-incident. Toewijzingsvraag dient met JA te worden beantwoorden a.u.b. Status gewijzigd van Afgewezen naar Vrijgegeven op 15-12-2016 10.10 door Bert Grotendorst(PRO-VKL): Toelichting: Veiligheidsrisico met JA beantwoord en nogmaals toegewezen.,,0.0,,0,,,80873388,HDB,,HDB,GBG,00/00/0000,00:00:00,46.5,2,2017,27/02/2017 06:00:07,E:\Informatica\Inbox\Informatica\SAP\Storingen\20170227060007_flf_sapeam_storing.txt,03/04/2017 06:00:08,0,42991,3723368,27/02/2017 06:03:59,0
824215,80873388,4029661.0,ZL,11/12/2016 15:10:57,11/12/2016 15:14:00,Hdb : Ovw 46.5 boom valt steeds iets naar beneden (li-zijde ri Zl),11/12/2016 15:14:00,Hdb : Ovw 46.5 boom valt steeds iets naa,F5 - Spoor/wissels,34S,203,203.0,10211146.0,OVERWEG,Mini Ahob 46.5 MRB-GBG Kanaalweg,46509.0,46509.0,2.0,,MINB PAGE,Automatisch gefiatteerd,3.0,02/04/2017,01/04/2017 23:19:10,11/12/2016 15:37:50,34S,203,203.0,10211146.0,OVERWEG,Mini Ahob 46.5 MRB-GBG Kanaalweg,8059,OVW-ALG,46509.0,46509.0,11/12/2016 17:00:00,,,,,TECHONV,228.0,Gestoord object: OVERWEG 46.5. Gestoord Gestoord object: OVERWEG 46.5. Gestoord onderdeel: Overige ond. overweginstal.. Ader los van de magneetrem ahobsteller paal 1. 16:00 u Treinen rijden weer normaal.  16:50u Ader opnieuw gemonteerd.  mAhob 46.5 Kanaalweg Emn-Mrb 203 Mini Ahob 46.5 MRB-GBG Kanaalweg B v/d wal 0651394077,,,,,,11/12/2016 16:00:00,1.0,11/12/2016 16:50:00,11/12/2016 15:53:00,J,N,N,,0,B,"0,00",,11/12/2016,15:10:57,11/12/2016,15:10:57,11/12/2016,15:14:00,34.0,203-204-1000061613,S,34.0,203-204-1000061613,S,01/04/2017,23:19:10,11/12/2016,15:37:50,0.0,11/12/2016,17:00:00,20161211,16:54:45,82,,00:00:00,,,99999999,0.0,00/00/0000,00:00:00,11/12/2016,16:00:00,49.0,0.0,11/12/2016,16:50:00,11/12/2016,15:53:00,,J,1.0,,N,,,00:00:00,11/12/2016 15:10:57,0.0,,2.0,TAOG,,,Gestoord object: OVERWEG 46.5. Gestoord, Status gewijzigd van Concept naar Compleet op 11-12-2016 15.53 door Werkplek 1-126 Rol2(PRO-VKL): Toelichting: problemen met overwegboom die niet goed sluit. gemeld door OBI Status gewijzigd van Compleet naar Vrijgegeven op 11-12-2016 15.54 door Hans Grob rol 3(PRO-VKL): Toelichting: problemen met overwegboom die niet goed sluit. gemeld door OBI Status gewijzigd van Vrijgegeven naar Afgewezen op 14-12-2016 10.00 door Systeemgebruiker SAP(IM): Toelichting: (AM - CvK) Ovw-storing is vhds-incident. Toewijzingsvraag dient met JA te worden beantwoorden a.u.b. Status gewijzigd van Afgewezen naar Vrijgegeven op 15-12-2016 10.10 door Bert Grotendorst(PRO-VKL): Toelichting: Veiligheidsrisico met JA beantwoord en nogmaals toegewezen. Door SAP 28 dagen na laatste wijzigings- datum status MON automatisch gefiatteerd,,0.0,,0,,,80873388,HDB,,HDB,GBG,00/00/0000,00:00:00,46.5,3,2017,03/04/2017 06:00:08,E:\Informatica\Inbox\Informatica\SAP\Storingen\20170403060008_flf_sapeam_storing.txt,31/12/9999 00:00:00,1,69192,3723368,03/04/2017 06:08:53,0
908614,99003502,0.0,,11/05/2013 07:17:00,11/05/2013 07:17:00, Cup : Wl-4439 2 in/uit de storing.,,Cup : Wl-4439 2 in/uit de storing.,,71B,155.0,155.0,10761004.0,WISSEL,155 wl 4439 km 84.291 wissel,84270.0,0.0,4.0,,MAFS,,,00/00/0000,11/05/2013 07:17:00,13/05/2013 01:00:00,71S,155.0,155.0,10761004.0,WISSEL,155 wl 4439 km 84.291 wissel,8199,WIS-CON,84270.0,0.0,13/05/2013 02:30:00,13/05/2013 02:40:55,,,Z,TECHONV,298.0, Gestoord object: WISSEL 4439. Gestoord onderdeel: geen onderdeel van toepassing. Geen onderzoek geweest. Treindienstleider geeft aan geen last meer te hebben gehad. Onderzoek/herstel wordt meegenomen tijdens onderhoudsronde.,,,,,,13/05/2013 02:29:00,4.0,13/05/2013 02:30:00,,,N,,,0,B,"0,00",,11/05/2013,07:17:05,11/05/2013,07:17:00,,,71.0,155-302-1000128525,B,71.0,155-302-1000128525,S,11/05/2013,07:17:00,13/05/2013,01:00:00,89.0,13/05/2013,02:30:00,13/05/2013,02:40:55,       90,,00:00:00,,, 99999999,0.0,00/00/0000,00:00:00,13/05/2013,02:29:00,2592.0,2503.0,13/05/2013,02:30:00,,,13/05/2013,,,N,J,13/05/2013 10:09:39,13/05/2013,10:09:39,11/05/2013 07:17:05,      0.00,30.0,0005,IN5  FOUT H1,,,,,,0.0,,0.0,,,99003502,,,,,00/00/0000,00:00:00,4439,5,2013,11/05/2013 07:17:00,\\PUHAPS0149\Informatica_Prod\Inbox\Informatica\SAP\20130613000000_flf_sapeam_storing_initial,05/08/2013 01:00:16,0,1518,12759540,13/06/2013 13:37:52,0
908615,99003502,0.0,,11/05/2013 07:17:00,11/05/2013 07:17:00, Cup : Wl-4439 2 in/uit de storing.,,Cup : Wl-4439 2 in/uit de storing.,,71B,155.0,155.0,10761004.0,WISSEL,155 wl 4439 km 84.291 wissel,84270.0,0.0,4.0,,MAFS,,,00/00/0000,11/05/2013 07:17:00,13/05/2013 01:00:00,71S,155.0,155.0,10761004.0,WISSEL,155 wl 4439 km 84.291 wissel,8199,WIS-CON,84270.0,0.0,13/05/2013 02:30:00,13/05/2013 02:40:55,,,Z,TECHONV,298.0, Gestoord object: WISSEL 4439. Gestoord onderdeel: geen onderdeel van toepassing. Geen onderzoek geweest. Treindienstleider geeft aan geen last meer te hebben gehad. Onderzoek/herstel wordt meegenomen tijdens onderhoudsronde.,,,,,,13/05/2013 02:29:00,4.0,13/05/2013 02:30:00,,,N,N,,0,B,"0,00",,11/05/2013,07:17:05,11/05/2013,07:17:00,,,71.0,155-302-1000128525,B,71.0,155-302-1000128525,S,11/05/2013,07:17:00,13/05/2013,01:00:00,89.0,13/05/2013,02:30:00,13/05/2013,02:40:55,       90,,00:00:00,,, 99999999,0.0,00/00/0000,00:00:00,13/05/2013,02:29:00,2592.0,2503.0,13/05/2013,02:30:00,,,13/05/2013,,,J,1,,10:09:39,11/05/20,,30,0.0,IN5  FOUT,,,,,,0,,0.0,,,,,,,,00/00/0000,00:00:00,4439,,8,2013,05/08/2013 01:00:16,\\PUHAPS0149\Informatica_Prod\Inbox\Informatica\SAP\Storingen\20130902010008_flf_sapeam_storing.txt,16/09/2013 01:00:03,0,4502,12759540,02/09/2013 01:30:28,0
908616,99003502,0.0,,11/05/2013 07:17:00,11/05/2013 07:17:00, Cup : Wl-4439 2 in/uit de storing.,,Cup : Wl-4439 2 in/uit de storing.,,71B,155.0,155.0,10761004.0,WISSEL,155 wl 4439 km 84.291 wissel,84270.0,0.0,4.0,,MAFS,,,00/00/0000,11/05/2013 07:17:00,13/05/2013 01:00:00,71S,155.0,155.0,10761004.0,WISSEL,155 wl 4439 km 84.291 wissel,8199,WIS-CON,84270.0,0.0,13/05/2013 02:30:00,13/05/2013 02:40:55,,,Z,TECHONV,298.0, Gestoord object: WISSEL 4439. Gestoord onderdeel: geen onderdeel van toepassing. Geen onderzoek geweest. Treindienstleider geeft aan geen last meer te hebben gehad. Onderzoek/herstel wordt meegenomen tijdens onderhoudsronde.,,,,,,13/05/2013 02:29:00,4.0,13/05/2013 02:30:00,,,N,N,,0,B,"0,00",,11/05/2013,07:17:05,11/05/2013,07:17:00,,,71.0,155-302-1000128525,B,71.0,155-302-1000128525,S,11/05/2013,07:17:00,13/05/2013,01:00:00,89.0,13/05/2013,02:30:00,13/05/2013,02:40:55,       90,,00:00:00,,, 99999999,0.0,00/00/0000,00:00:00,13/05/2013,02:29:00,2592.0,2503.0,13/05/2013,02:30:00,,,13/05/2013,,,J,1,,10:09:39,11/05/20,,30,0.0,IN5  FOUT,,,,,,0,,0.0,,,,,,,,00/00/0000,00:00:00,4439,,9,2013,16/09/2013 01:00:03,\\PUHAPS0149\Informatica_Prod\Inbox\Informatica\SAP\Storingen\20130930095152_flf_sapeam_storing.txt,28/10/2013 01:00:04,0,6212,12759540,01/10/2013 01:30:41,0
908617,99003502,0.0,,11/05/2013 07:17:00,11/05/2013 07:17:00, Cup : Wl-4439 2 in/uit de storing.,,Cup : Wl-4439 2 in/uit de storing.,,71B,155.0,155.0,10761004.0,WISSEL,155 wl 4439 km 84.291 wissel,84270.0,0.0,4.0,,MAFS,,,00/00/0000,11/05/2013 07:17:00,13/05/2013 01:00:00,71S,155.0,155.0,10761004.0,WISSEL,155 wl 4439 km 84.291 wissel,8199,WIS-CON,84270.0,0.0,13/05/2013 02:30:00,13/05/2013 02:40:55,,,Z,TECHONV,298.0, Gestoord object: WISSEL 4439. Gestoord onderdeel: geen onderdeel van toepassing. Geen onderzoek geweest. Treindienstleider geeft aan geen last meer te hebben gehad. Onderzoek/herstel wordt meegenomen tijdens onderhoudsronde.,,,,,,13/05/2013 02:29:00,4.0,13/05/2013 02:30:00,,,N,N,,0,B,"0,00",,11/05/2013,07:17:05,11/05/2013,07:17:00,,,71.0,155-302-1000128525,B,71.0,155-302-1000128525,S,11/05/2013,07:17:00,13/05/2013,01:00:00,89.0,13/05/2013,02:30:00,13/05/2013,02:40:55,       90,,00:00:00,,, 99999999,0.0,00/00/0000,00:00:00,13/05/2013,02:29:00,2592.0,2503.0,13/05/2013,02:30:00,,,13/05/2013,,,J,1,,10:09:39,11/05/20,,30,0.0,IN5  FOUT,,,,,,0,,0.0,,,,,,,,00/00/0000,00:00:00,4439,,10,2013,28/10/2013 01:00:04,\\PUHAPS0149\Informatica_Prod\Inbox\Informatica\SAP\Storingen\20131028010004_flf_sapeam_storing.txt,04/11/2013 09:18:33,0,8397,12759540,01/11/2013 01:30:59,0
908618,99003502,0.0,,11/05/2013 07:17:00,11/05/2013 07:17:00, Cup : Wl-4439 2 in/uit de storing.,,Cup : Wl-4439 2 in/uit de storing.,,71B,155.0,155.0,10761004.0,WISSEL,155 wl 4439 km 84.291 wissel,84270.0,0.0,4.0,,MAFS,,,00/00/0000,11/05/2013 07:17:00,13/05/2013 01:00:00,71S,155.0,155.0,10761004.0,WISSEL,155 wl 4439 km 84.291 wissel,8199,WIS-CON,84270.0,0.0,13/05/2013 02:30:00,13/05/2013 02:40:55,,,Z,TECHONV,298.0, Gestoord object: WISSEL 4439. Gestoord onderdeel: geen onderdeel van toepassing. Geen onderzoek geweest. Treindienstleider geeft aan geen last meer te hebben gehad. Onderzoek/herstel wordt meegenomen tijdens onderhoudsronde.,,,,,,13/05/2013 02:29:00,4.0,13/05/2013 02:30:00,,,N,N,,0,B,"0,00",,11/05/2013,07:17:05,11/05/2013,07:17:00,,,71.0,155-302-1000128525,B,71.0,155-302-1000128525,S,11/05/2013,07:17:00,13/05/2013,01:00:00,89.0,13/05/2013,02:30:00,13/05/2013,02:40:55,       90,,00:00:00,,, 99999999,0.0,00/00/0000,00:00:00,13/05/2013,02:29:00,2592.0,2503.0,13/05/2013,02:30:00,,,13/05/2013,,,J,1,,10:09:39,11/05/20,,30,0.0,IN5  FOUT,,,,,,0,,0.0,,,,,,,,00/00/0000,00:00:00,4439,,11,2013,04/11/2013 09:18:33,\\PUHAPS0149\Informatica_Prod\Inbox\Informatica\SAP\Storingen\20131125010005_flf_sapeam_storing.txt,20/12/2013 01:00:04,0,10182,12759540,25/11/2013 01:32:08,0
908619,99003502,0.0,,11/05/2013 07:17:00,11/05/2013 07:17:00, Cup : Wl-4439 2 in/uit de storing.,,Cup : Wl-4439 2 in/uit de storing.,,71B,155.0,155.0,10761004.0,WISSEL,155 wl 4439 km 84.291 wissel,84270.0,0.0,4.0,,MAFS,,,00/00/0000,11/05/2013 07:17:00,13/05/2013 01:00:00,71S,155.0,155.0,10761004.0,WISSEL,155 wl 4439 km 84.291 wissel,8199,WIS-CON,84270.0,0.0,13/05/2013 02:30:00,13/05/2013 02:40:55,,,Z,TECHONV,298.0, Gestoord object: WISSEL 4439. Gestoord onderdeel: geen onderdeel van toepassing. Geen onderzoek geweest. Treindienstleider geeft aan geen last meer te hebben gehad. Onderzoek/herstel wordt meegenomen tijdens onderhoudsronde.,,,,,,13/05/2013 02:29:00,4.0,13/05/2013 02:30:00,,,N,N,,0,B,"0,00",,11/05/2013,07:17:05,11/05/2013,07:17:00,,,71.0,155-302-1000128525,B,71.0,155-302-1000128525,S,11/05/2013,07:17:00,13/05/2013,01:00:00,89.0,13/05/2013,02:30:00,13/05/2013,02:40:55,       90,,00:00:00,,, 99999999,0.0,00/00/0000,00:00:00,13/05/2013,02:29:00,2592.0,2503.0,13/05/2013,02:30:00,,,13/05/2013,,,J,1,,10:09:39,11/05/20,,30,0.0,IN5  FOUT,,,,,,0,,0.0,,,,,,,,00/00/0000,00:00:00,4439,,12,2013,20/12/2013 01:00:04,\\PUHAPS0149\Informatica_Prod\Inbox\Informatica\SAP\Storingen\20131220010004_flf_sapeam_storing.txt,31/12/9999 00:00:00,1,12071,12759540,20/12/2013 01:32:57,0
908620,99003503,0.0,,11/05/2013 07:55:00,11/05/2013 07:55:00, Ldm-Akl : km-60.0 ATB code 4,,Ldm-Akl : km-60.0 ATB code 4,,05S,118.0,118.0,10998110.0,TREINBEINV,ATB-vv,0.0,0.0,4.0,,MAFS,,,00/00/0000,11/05/2013 07:55:00,13/05/2013 00:30:00,05S,118.0,118.0,10027260.0,DETGRSSSL,59BT Gdm-Ddr,,,0.0,0.0,13/05/2013 03:30:00,13/05/2013 03:31:05,,,Z,TECHONV,221.0," Gestoord object: BEVEILIGING Ldm - Ddr. Gestoord onderdeel: geen onderdeel van toepassing. Geen oorzaak gevonden. Spoor geschouwd, g een bijzonderheden gevonden.",,,,,,13/05/2013 03:29:00,4.0,13/05/2013 03:30:00,,,N,,,0,B,"0,00",,11/05/2013,08:00:10,11/05/2013,07:55:00,,,5.0,118-605-1000003263,S,5.0,118-601-1000150940,S,11/05/2013,07:55:00,13/05/2013,00:30:00,179.0,13/05/2013,03:30:00,13/05/2013,03:31:05,      180,,00:00:00,,, 99999999,0.0,00/00/0000,00:00:00,13/05/2013,03:29:00,2614.0,2435.0,13/05/2013,03:30:00,,,17/05/2013,,,N,J,21/05/2013 13:57:13,21/05/2013,13:57:13,11/05/2013 08:00:10,      0.00,50.0,0005,IN5,,,,,,0.0,,0.0,,,99003503,,,,,00/00/0000,00:00:00,,5,2013,11/05/2013 07:55:00,\\PUHAPS0149\Informatica_Prod\Inbox\Informatica\SAP\20130613000000_flf_sapeam_storing_initial,05/08/2013 01:00:16,0,1518,12759541,13/06/2013 13:37:52,0
908621,99003503,0.0,,11/05/2013 07:55:00,11/05/2013 07:55:00, Ldm-Akl : km-60.0 ATB code 4,,Ldm-Akl : km-60.0 ATB code 4,,05S,118.0,118.0,10998110.0,TREINBEINV,ATB-vv,0.0,0.0,4.0,,MAFS,,,00/00/0000,11/05/2013 07:55:00,13/05/2013 00:30:00,05S,118.0,118.0,10027260.0,DETGRSSSL,59BT Gdm-Ddr,,,0.0,0.0,13/05/2013 03:30:00,13/05/2013 03:31:05,,,Z,TECHONV,221.0," Gestoord object: BEVEILIGING Ldm - Ddr. Gestoord onderdeel: geen onderdeel van toepassing. Geen oorzaak gevonden. Spoor geschouwd, g een bijzonderheden gevonden.",,,,,,13/05/2013 03:29:00,4.0,13/05/2013 03:30:00,,,N,N,,0,B,"0,00",,11/05/2013,08:00:10,11/05/2013,07:55:00,,,5.0,118-605-1000003263,S,5.0,118-601-1000150940,S,11/05/2013,07:55:00,13/05/2013,00:30:00,179.0,13/05/2013,03:30:00,13/05/2013,03:31:05,      180,,00:00:00,,, 99999999,0.0,00/00/0000,00:00:00,13/05/2013,03:29:00,2614.0,2435.0,13/05/2013,03:30:00,,,17/05/2013,,,J,2,,13:57:13,11/05/20,,50,0.0,IN5,,,,,,0,,0.0,,,,,,,,00/00/0000,00:00:00,,,8,2013,05/08/2013 01:00:16,\\PUHAPS0149\Informatica_Prod\Inbox\Informatica\SAP\Storingen\20130805010016_flf_sapeam_storing.txt,31/12/9999 00:00:00,1,3344,12759541,05/08/2013 01:30:37,0
908622,99003504,0.0,,11/05/2013 07:59:00,11/05/2013 07:59:00, A15 : km 102.6 deur geluidsscherm open,,A15 : km 102.6 deur geluidsscherm open,,71B,158.0,158.0,10939262.0,GELUIDSSCH,Geluidwering R van 102.255 tot 103.230,102255.0,0.0,5.0,,MINB,,,00/00/0000,11/05/2013 07:59:00,11/05/2013 08:21:00,71B,158.0,158.0,10939262.0,GELUIDSSCH,Geluidwering R van 102.255 tot 103.230,,,102255.0,0.0,11/05/2013 08:25:00,11/05/2013 08:31:24,,,Z,TECHONV,298.0," Gestoord object: AFSCHEIDING 158. Gestoord onderdeel: Geen onderdeel van toepassing. Geen onderzoek geweest. Storing door smc afgeme ld, deur is dichtgewaaid.",,,,,,11/05/2013 08:24:00,4.0,11/05/2013 08:25:00,,,N,,,0,B,"0,00",,11/05/2013,07:59:20,11/05/2013,07:59:00,,,71.0,158-205-1000130792,B,71.0,158-205-1000130792,B,11/05/2013,07:59:00,11/05/2013,08:21:00,3.0,11/05/2013,08:25:00,11/05/2013,08:31:24,        4,,00:00:00,,, 99999999,0.0,00/00/0000,00:00:00,11/05/2013,08:24:00,25.0,22.0,11/05/2013,08:25:00,,,22/05/2013,,,,J,,,00:00:00,11/05/2013 07:59:20,      0.00,99.0,0005,IN5  H1,,,,,,0.0,,0.0,,,99003504,,,,,11/05/2013,12:00:00,,5,2013,11/05/2013 07:59:00,\\PUHAPS0149\Informatica_Prod\Inbox\Informatica\SAP\20130613000000_flf_sapeam_storing_initial,05/08/2013 01:00:16,0,1518,12759542,13/06/2013 13:37:52,0
908623,99003504,0.0,,11/05/2013 07:59:00,11/05/2013 07:59:00, A15 : km 102.6 deur geluidsscherm open,,A15 : km 102.6 deur geluidsscherm open,,71B,158.0,158.0,10939262.0,GELUIDSSCH,Geluidwering R van 102.255 tot 103.230,102255.0,0.0,5.0,,MINB,,,00/00/0000,11/05/2013 07:59:00,11/05/2013 08:21:00,71B,158.0,158.0,10939262.0,GELUIDSSCH,Geluidwering R van 102.255 tot 103.230,,,102255.0,0.0,11/05/2013 08:25:00,11/05/2013 08:31:24,,,Z,TECHONV,298.0," Gestoord object: AFSCHEIDING 158. Gestoord onderdeel: Geen onderdeel van toepassing. Geen onderzoek geweest. Storing door smc afgeme ld, deur is dichtgewaaid.",,,,,,11/05/2013 08:24:00,4.0,11/05/2013 08:25:00,,,N,N,,0,B,"0,00",,11/05/2013,07:59:20,11/05/2013,07:59:00,,,71.0,158-205-1000130792,B,71.0,158-205-1000130792,B,11/05/2013,07:59:00,11/05/2013,08:21:00,3.0,11/05/2013,08:25:00,11/05/2013,08:31:24,        4,,00:00:00,,, 99999999,0.0,00/00/0000,00:00:00,11/05/2013,08:24:00,25.0,22.0,11/05/2013,08:25:00,,,22/05/2013,,,J,,,00:00:00,11/05/20,,99,0.0,IN5  H1,,, GFA : T,,,0,,0.0,,,,,,,,11/05/2013,12:00:00,,,8,2013,05/08/2013 01:00:16,\\PUHAPS0149\Informatica_Prod\Inbox\Informatica\SAP\Storingen\20130805010016_flf_sapeam_storing.txt,31/12/9999 00:00:00,1,3344,12759542,05/08/2013 01:30:37,0
908624,99003505,0.0,,11/05/2013 08:06:00,11/05/2013 08:06:00, GVC : sp-2 en 3  stop lampen op de stootjukken gedoofd,,GVC : sp-2 en 3  stop lampen op de stoot,,,560.0,560.0,,,,24500.0,0.0,5.0,,MAFS,,,00/00/0000,11/05/2013 08:06:00,11/05/2013 09:05:00,02B,,,,,,,,0.0,0.0,11/05/2013 09:35:00,11/05/2013 09:26:18,,,Z,TECHONV,215.0, accu's waren leeg. Oorzaak: ouderdom Accu's vervangen,,,,,,11/05/2013 09:29:00,1.0,11/05/2013 09:30:00,,,N,,,0,B,"0,00",,11/05/2013,08:06:18,11/05/2013,08:06:00,,,,560,,2.0,,B,11/05/2013,08:06:00,11/05/2013,09:05:00,24.0,11/05/2013,09:35:00,11/05/2013,09:26:18,       30,,00:00:00,,, 99999999,0.0,00/00/0000,00:00:00,11/05/2013,09:29:00,83.0,59.0,11/05/2013,09:30:00,,,05/06/2013,,,N,J,05/06/2013 11:40:04,05/06/2013,11:40:04,11/05/2013 08:06:18,      0.00,40.0,,IN5,,,,,,0.0,,0.0,,,99003505,,,,,11/05/2013,15:00:00,,5,2013,11/05/2013 08:06:00,\\PUHAPS0149\Informatica_Prod\Inbox\Informatica\SAP\20130613000000_flf_sapeam_storing_initial,05/08/2013 01:00:16,0,1518,12759543,13/06/2013 13:37:52,0
908625,99003505,0.0,,11/05/2013 08:06:00,11/05/2013 08:06:00, GVC : sp-2 en 3  stop lampen op de stootjukken gedoofd,,GVC : sp-2 en 3  stop lampen op de stoot,,,560.0,560.0,,,,24500.0,0.0,5.0,,MAFS,,,00/00/0000,11/05/2013 08:06:00,11/05/2013 09:05:00,02B,,,,,,,,0.0,0.0,11/05/2013 09:35:00,11/05/2013 09:26:18,,,Z,TECHONV,215.0, accu's waren leeg. Oorzaak: ouderdom Accu's vervangen,,,,,,11/05/2013 09:29:00,1.0,11/05/2013 09:30:00,,,N,N,,0,B,"0,00",,11/05/2013,08:06:18,11/05/2013,08:06:00,,,,560,,2.0,,B,11/05/2013,08:06:00,11/05/2013,09:05:00,24.0,11/05/2013,09:35:00,11/05/2013,09:26:18,       30,,00:00:00,,, 99999999,0.0,00/00/0000,00:00:00,11/05/2013,09:29:00,83.0,59.0,11/05/2013,09:30:00,,,05/06/2013,,,J,0,,11:40:04,11/05/20,,40,,IN5,,,,,,0,,0.0,,,,,,,,11/05/2013,15:00:00,,,8,2013,05/08/2013 01:00:16,\\PUHAPS0149\Informatica_Prod\Inbox\Informatica\SAP\Storingen\20130805010016_flf_sapeam_storing.txt,31/12/9999 00:00:00,1,3344,12759543,05/08/2013 01:30:37,0
908626,99003506,0.0,,11/05/2013 09:21:00,11/05/2013 09:21:00, Whz : Ovw 100.1 albert Plesmanweg blijft  dicht  liggen.,,Whz : Ovw 100.1 albert Plesmanweg blijft,,04S,468.0,468.0,10021085.0,OVERWEG,Havio 100.1 A Rtd Eemh. Albert Plesmanwe,100051.0,0.0,2.0,,MAFS,,,00/00/0000,11/05/2013 09:21:00,11/05/2013 10:08:00,04S,468.0,468.0,10021085.0,OVERWEG,Havio 100.1 A Rtd Eemh. Albert Plesmanwe,8099,OVW-ALG,100051.0,0.0,11/05/2013 11:00:00,11/05/2013 10:16:27,,,Z,TECHONV,218.0, Gestoord object: OVERWEG 100.1. Gestoordonderdeel: geen onderdeel van toepassing. Geen oorzaak gevonden. Getest alles werkt normaal.,,,,,,11/05/2013 10:44:00,4.0,11/05/2013 10:44:00,,,N,,,0,B,"0,00",,11/05/2013,09:21:55,11/05/2013,09:21:00,,,4.0,468-204-1000029432,S,4.0,468-204-1000029432,S,11/05/2013,09:21:00,11/05/2013,10:08:00,36.0,11/05/2013,11:00:00,11/05/2013,10:16:27,       52,,00:00:00,,, 99999999,0.0,00/00/0000,00:00:00,11/05/2013,10:44:00,83.0,47.0,11/05/2013,10:44:00,,,13/05/2013,,,N,J,13/05/2013 10:04:37,13/05/2013,10:04:37,11/05/2013 09:21:55,      0.00,80.0,0005,IN5  H1,,,,,,0.0,,0.0,,,99003506,,,,,00/00/0000,00:00:00,100.1,5,2013,11/05/2013 09:21:00,\\PUHAPS0149\Informatica_Prod\Inbox\Informatica\SAP\20130613000000_flf_sapeam_storing_initial,05/08/2013 01:00:16,0,1518,12759544,13/06/2013 13:37:52,0
908627,99003506,0.0,,11/05/2013 09:21:00,11/05/2013 09:21:00, Whz : Ovw 100.1 albert Plesmanweg blijft  dicht  liggen.,,Whz : Ovw 100.1 albert Plesmanweg blijft,,04S,468.0,468.0,10021085.0,OVERWEG,Havio 100.1 A Rtd Eemh. Albert Plesmanwe,100051.0,0.0,2.0,,MAFS,,,00/00/0000,11/05/2013 09:21:00,11/05/2013 10:08:00,04S,468.0,468.0,10021085.0,OVERWEG,Havio 100.1 A Rtd Eemh. Albert Plesmanwe,8099,OVW-ALG,100051.0,0.0,11/05/2013 11:00:00,11/05/2013 10:16:27,,,Z,TECHONV,218.0, Gestoord object: OVERWEG 100.1. Gestoordonderdeel: geen onderdeel van toepassing. Geen oorzaak gevonden. Getest alles werkt normaal.,,,,,,11/05/2013 10:44:00,4.0,11/05/2013 10:44:00,,,N,N,,0,B,"0,00",,11/05/2013,09:21:55,11/05/2013,09:21:00,,,4.0,468-204-1000029432,S,4.0,468-204-1000029432,S,11/05/2013,09:21:00,11/05/2013,10:08:00,36.0,11/05/2013,11:00:00,11/05/2013,10:16:27,       52,,00:00:00,,, 99999999,0.0,00/00/0000,00:00:00,11/05/2013,10:44:00,83.0,47.0,11/05/2013,10:44:00,,,13/05/2013,,,J,1,,10:04:37,11/05/20,,80,0.0,IN5  H1,,,,,,0,,0.0,,,,,,,,00/00/0000,00:00:00,100.1,,8,2013,05/08/2013 01:00:16,\\PUHAPS0149\Informatica_Prod\Inbox\Informatica\SAP\Storingen\20130805010016_flf_sapeam_storing.txt,31/12/9999 00:00:00,1,3344,12759544,05/08/2013 01:30:37,0
908628,99999999,0.0,,20/08/2016 14:15:17,20/08/2016 14:15:17,Bdg-Apn : Km 12.7 twee gedode zwanen langs het spoor. Op verzoek van detrdl zsm verwijderen svp.,,Bdg-Apn : Km 12.7 twee gedode zwanen lan,,,102.0,102.0,,,,0.0,0.0,2.0,,MINB,,,00/00/0000,20/08/2016 14:15:17,20/08/2016 14:45:00,81B,102.0,102.0,,,,,,0.0,0.0,20/08/2016 16:00:00,,,,,ONR-RIB,135.0,Gestoord object: SPOOR LA. Gestoord onde Gestoord object: SPOOR LA. Gestoord onderdeel: overige onderdelen. Verkeerde melding. Tijdens einde werkzaamheden zijn er 2 witte za kken met kraagbouten blijven liggen. Deze zijn aangezien als dode zwanen. Zakken verwijderd.,ONREGRIB,F,NAAM: Onbekend,,,20/08/2016 15:14:00,1.0,20/08/2016 15:15:00,,,N,,,0,B,"0,00",,20/08/2016,14:54:58,20/08/2016,14:15:17,,,,102,,81.0,102,B,20/08/2016,14:15:17,20/08/2016,14:45:00,0.0,20/08/2016,16:00:00,20160820,15:16:29,       75,,00:00:00,,, 99999999,0.0,00/00/0000,00:00:00,20/08/2016,15:14:00,19.0,1060124565.0,20/08/2016,15:15:00,,,,,,,N,,,00:00:00,20/08/2016 14:54:58,      0.00,,0004,TAOG,,,Gestoord object: SPOOR LA. Gestoord onde,,,0.0,,0.0,,,99999999,,,,,00/00/0000,00:00:00,Wd-Apn,8,2016,23/08/2016 06:00:19,\\PUHAPS0149\Informatica_Prod\Inbox\Informatica\SAP\Storingen\20160901060011_flf_sapeam_storing.txt,24/10/2016 06:00:11,0,450213,3710373,01/09/2016 06:09:38,0
908629,99999999,0.0,,20/08/2016 14:15:17,20/08/2016 14:15:17,Bdg-Apn : Km 12.7 twee gedode zwanen langs het spoor. Op verzoek van detrdl zsm verwijderen svp.,,Bdg-Apn : Km 12.7 twee gedode zwanen lan,,,102.0,102.0,,,,0.0,0.0,2.0,,MINB,,,00/00/0000,20/08/2016 14:15:17,20/08/2016 14:45:00,81O,102.0,102.0,,,,,,0.0,0.0,20/08/2016 16:00:00,,,,,ONR-DERD,143.0,Gestoord object: SPOOR LA. Gestoord onde Gestoord object: SPOOR LA. Gestoord onderdeel: overige onderdelen. Verkeerde melding. Tijdens einde werkzaamheden zijn er 2 witte za kken met kraagbouten blijven liggen. Deze zijn aangezien als dode zwanen. Zakken verwijderd.,ONREGDER,T,NAAM: Onbekend,,,20/08/2016 15:14:00,1.0,20/08/2016 15:15:00,,,N,N,,0,NB,"0,00",,20/08/2016,14:54:58,20/08/2016,14:15:17,,,,102,,81.0,102,O,20/08/2016,14:15:17,20/08/2016,14:45:00,0.0,20/08/2016,16:00:00,20160820,15:16:29,       75,,00:00:00,,, 99999999,0.0,00/00/0000,00:00:00,20/08/2016,15:14:00,19.0,1060124565.0,20/08/2016,15:15:00,,,,,,,N,,,00:00:00,20/08/2016 14:54:58,      0.00,,0004,TAOG,,,Gestoord object: SPOOR LA. Gestoord onde,,,0.0,,0.0,,,99999999,,,,,00/00/0000,00:00:00,Wd-Apn,10,2016,24/10/2016 06:00:11,\\PUHAPS0149\Informatica_Prod\Inbox\Informatica\SAP\Storingen\20161024060011_flf_sapeam_storing.txt,31/12/9999 00:00:00,1,490063,3710373,24/10/2016 06:11:40,0